iso3c,calificacion,ocupacion,rama,freq
AFG,1.Baja,1.Asalariado_patr,1.Agro,0.14771232609710153
AFG,2.Media,1.Asalariado_patr,1.Agro,1.973827380588276
AFG,3.Alta,1.Asalariado_patr,1.Agro,0.006324622707081959
AFG,1.Baja,3.TCP_fliares,1.Agro,1.3849109736285148
AFG,2.Media,3.TCP_fliares,1.Agro,42.1647722881927
AFG,3.Alta,3.TCP_fliares,1.Agro,0.010155816096513767
AFG,1.Baja,1.Asalariado_patr,2.No_agro,7.223838584830001
AFG,2.Media,1.Asalariado_patr,2.No_agro,10.248142245181246
AFG,3.Alta,1.Asalariado_patr,2.No_agro,5.441774453142797
AFG,1.Baja,3.TCP_fliares,2.No_agro,7.199314016310684
AFG,2.Media,3.TCP_fliares,2.No_agro,23.27039200463757
AFG,3.Alta,3.TCP_fliares,2.No_agro,0.928835288587532
AGO,1.Baja,1.Asalariado_patr,1.Agro,0.18157394760666454
AGO,2.Media,1.Asalariado_patr,1.Agro,4.599713802898898
AGO,3.Alta,1.Asalariado_patr,1.Agro,0.07166074928418285
AGO,1.Baja,3.TCP_fliares,1.Agro,2.1244636804707153
AGO,2.Media,3.TCP_fliares,1.Agro,46.60715679994547
AGO,3.Alta,3.TCP_fliares,1.Agro,0.0563379976208235
AGO,1.Baja,1.Asalariado_patr,2.No_agro,3.1254012437292804
AGO,2.Media,1.Asalariado_patr,2.No_agro,12.549926714058847
AGO,3.Alta,1.Asalariado_patr,2.No_agro,9.499339912684581
AGO,1.Baja,3.TCP_fliares,2.No_agro,4.524961505883216
AGO,2.Media,3.TCP_fliares,2.No_agro,15.735346934963838
AGO,3.Alta,3.TCP_fliares,2.No_agro,0.924116710853474
ALB,1.Baja,1.Asalariado_patr,1.Agro,0.009992565429674319
ALB,2.Media,1.Asalariado_patr,1.Agro,1.1023377492220947
ALB,3.Alta,1.Asalariado_patr,1.Agro,0.015941839032226537
ALB,1.Baja,3.TCP_fliares,1.Agro,0.1456939950339012
ALB,2.Media,3.TCP_fliares,1.Agro,39.89517665657872
ALB,3.Alta,3.TCP_fliares,1.Agro,0.08959785821812068
ALB,1.Baja,1.Asalariado_patr,2.No_agro,4.6010185077721735
ALB,2.Media,1.Asalariado_patr,2.No_agro,23.109455404405594
ALB,3.Alta,1.Asalariado_patr,2.No_agro,15.378332395792047
ALB,1.Baja,3.TCP_fliares,2.No_agro,1.060764478350844
ALB,2.Media,3.TCP_fliares,2.No_agro,13.22500241448156
ALB,3.Alta,3.TCP_fliares,2.No_agro,1.3666861356830473
ARE,1.Baja,1.Asalariado_patr,1.Agro,0.5273811698766352
ARE,2.Media,1.Asalariado_patr,1.Agro,1.1382570216694152
ARE,3.Alta,1.Asalariado_patr,1.Agro,0.18583161886145602
ARE,1.Baja,3.TCP_fliares,1.Agro,0.006615334907771454
ARE,2.Media,3.TCP_fliares,1.Agro,0.0074216070162119235
ARE,3.Alta,3.TCP_fliares,1.Agro,0.001181311729471654
ARE,1.Baja,1.Asalariado_patr,2.No_agro,18.419127039610963
ARE,2.Media,1.Asalariado_patr,2.No_agro,44.08900024281823
ARE,3.Alta,1.Asalariado_patr,2.No_agro,34.5958989628112
ARE,1.Baja,3.TCP_fliares,2.No_agro,0.3220478513374087
ARE,2.Media,3.TCP_fliares,2.No_agro,0.4006932378460619
ARE,3.Alta,3.TCP_fliares,2.No_agro,0.30654460151517016
ARG,1.Baja,1.Asalariado_patr,1.Agro,0.1993901696118941
ARG,2.Media,1.Asalariado_patr,1.Agro,0.2219508318456869
ARG,3.Alta,1.Asalariado_patr,1.Agro,0.10728498596649874
ARG,1.Baja,3.TCP_fliares,1.Agro,0.03697936333244719
ARG,2.Media,3.TCP_fliares,1.Agro,0.15321007074154064
ARG,3.Alta,3.TCP_fliares,1.Agro,0.03687786269245791
ARG,1.Baja,1.Asalariado_patr,2.No_agro,15.612223274057696
ARG,2.Media,1.Asalariado_patr,2.No_agro,41.520981831138876
ARG,3.Alta,1.Asalariado_patr,2.No_agro,22.151090945799073
ARG,1.Baja,3.TCP_fliares,2.No_agro,1.4754197207277229
ARG,2.Media,3.TCP_fliares,2.No_agro,14.604721983240413
ARG,3.Alta,3.TCP_fliares,2.No_agro,3.8798689608456853
ARM,1.Baja,1.Asalariado_patr,1.Agro,0.1354363104698576
ARM,2.Media,1.Asalariado_patr,1.Agro,1.134887229212058
ARM,3.Alta,1.Asalariado_patr,1.Agro,0.021531986802734108
ARM,1.Baja,3.TCP_fliares,1.Agro,0.45652488600252145
ARM,2.Media,3.TCP_fliares,1.Agro,32.5921975028745
ARM,3.Alta,3.TCP_fliares,1.Agro,0.10934211443129735
ARM,1.Baja,1.Asalariado_patr,2.No_agro,6.5722293656514505
ARM,2.Media,1.Asalariado_patr,2.No_agro,23.364699650022782
ARM,3.Alta,1.Asalariado_patr,2.No_agro,27.986963569404892
ARM,1.Baja,3.TCP_fliares,2.No_agro,0.2022652476189851
ARM,2.Media,3.TCP_fliares,2.No_agro,6.126329532101133
ARM,3.Alta,3.TCP_fliares,2.No_agro,1.2975926054077807
AUS,1.Baja,1.Asalariado_patr,1.Agro,0.2990385137212741
AUS,2.Media,1.Asalariado_patr,1.Agro,1.066076901213733
AUS,3.Alta,1.Asalariado_patr,1.Agro,0.10256265175088244
AUS,1.Baja,3.TCP_fliares,1.Agro,0.28305538568233996
AUS,2.Media,3.TCP_fliares,1.Agro,0.9346815056856841
AUS,3.Alta,3.TCP_fliares,1.Agro,0.08878891982261963
AUS,1.Baja,1.Asalariado_patr,2.No_agro,6.960049504101351
AUS,2.Media,1.Asalariado_patr,2.No_agro,40.9989778598296
AUS,3.Alta,1.Asalariado_patr,2.No_agro,41.27969421312541
AUS,1.Baja,3.TCP_fliares,2.No_agro,0.6722794848758662
AUS,2.Media,3.TCP_fliares,2.No_agro,3.6681017862169942
AUS,3.Alta,3.TCP_fliares,2.No_agro,3.646693273974234
AUT,1.Baja,1.Asalariado_patr,1.Agro,0.06311230680561011
AUT,2.Media,1.Asalariado_patr,1.Agro,1.2469632910745025
AUT,3.Alta,1.Asalariado_patr,1.Agro,0.019056718933652274
AUT,1.Baja,3.TCP_fliares,1.Agro,0.09119135302008674
AUT,2.Media,3.TCP_fliares,1.Agro,3.0375963399090766
AUT,3.Alta,3.TCP_fliares,1.Agro,0.09953907471924156
AUT,1.Baja,1.Asalariado_patr,2.No_agro,8.278053451721371
AUT,2.Media,1.Asalariado_patr,2.No_agro,44.854445193886924
AUT,3.Alta,1.Asalariado_patr,2.No_agro,36.28073817434214
AUT,1.Baja,3.TCP_fliares,2.No_agro,0.23208634150021681
AUT,2.Media,3.TCP_fliares,2.No_agro,2.120135570838968
AUT,3.Alta,3.TCP_fliares,2.No_agro,3.6770821832482086
BEL,1.Baja,1.Asalariado_patr,1.Agro,0.08857364627487631
BEL,2.Media,1.Asalariado_patr,1.Agro,0.20694403297530495
BEL,3.Alta,1.Asalariado_patr,1.Agro,0.011661787499775547
BEL,1.Baja,3.TCP_fliares,1.Agro,0.07260955077520641
BEL,2.Media,3.TCP_fliares,1.Agro,0.777909303354928
BEL,3.Alta,3.TCP_fliares,1.Agro,0.06736826019282242
BEL,1.Baja,1.Asalariado_patr,2.No_agro,9.661411337680027
BEL,2.Media,1.Asalariado_patr,2.No_agro,37.87845542492973
BEL,3.Alta,1.Asalariado_patr,2.No_agro,37.4820074824285
BEL,1.Baja,3.TCP_fliares,2.No_agro,0.29693379464752695
BEL,2.Media,3.TCP_fliares,2.No_agro,5.338240644620862
BEL,3.Alta,3.TCP_fliares,2.No_agro,8.117884734620434
BEN,1.Baja,1.Asalariado_patr,1.Agro,0.003812267786978084
BEN,2.Media,1.Asalariado_patr,1.Agro,1.0428475810289342
BEN,3.Alta,1.Asalariado_patr,1.Agro,0.015102157252993029
BEN,1.Baja,3.TCP_fliares,1.Agro,0.028160930332163783
BEN,2.Media,3.TCP_fliares,1.Agro,42.140779361255966
BEN,3.Alta,3.TCP_fliares,1.Agro,0.08568292377473678
BEN,1.Baja,1.Asalariado_patr,2.No_agro,0.5607819366648509
BEN,2.Media,1.Asalariado_patr,2.No_agro,8.846844569811637
BEN,3.Alta,1.Asalariado_patr,2.No_agro,4.831430620751774
BEN,1.Baja,3.TCP_fliares,2.No_agro,0.4519343602827514
BEN,2.Media,3.TCP_fliares,2.No_agro,39.002089019770665
BEN,3.Alta,3.TCP_fliares,2.No_agro,2.990534271286552
BFA,1.Baja,1.Asalariado_patr,1.Agro,0.06087307922690286
BFA,2.Media,1.Asalariado_patr,1.Agro,0.6188567108440274
BFA,3.Alta,1.Asalariado_patr,1.Agro,0.0492313412530711
BFA,1.Baja,3.TCP_fliares,1.Agro,0.7719320524329784
BFA,2.Media,3.TCP_fliares,1.Agro,25.272593451717114
BFA,3.Alta,3.TCP_fliares,1.Agro,0.42356090267651497
BFA,1.Baja,1.Asalariado_patr,2.No_agro,4.2812949578183845
BFA,2.Media,1.Asalariado_patr,2.No_agro,11.280060631246732
BFA,3.Alta,1.Asalariado_patr,2.No_agro,7.423041387160167
BFA,1.Baja,3.TCP_fliares,2.No_agro,4.672912593219959
BFA,2.Media,3.TCP_fliares,2.No_agro,39.648781523347466
BFA,3.Alta,3.TCP_fliares,2.No_agro,5.4968613690567025
BGD,1.Baja,1.Asalariado_patr,1.Agro,5.764624164664523
BGD,2.Media,1.Asalariado_patr,1.Agro,4.604454444582597
BGD,3.Alta,1.Asalariado_patr,1.Agro,0.025939002352137995
BGD,1.Baja,3.TCP_fliares,1.Agro,8.416660277641874
BGD,2.Media,3.TCP_fliares,1.Agro,25.054979437662638
BGD,3.Alta,3.TCP_fliares,1.Agro,0.02754464021884024
BGD,1.Baja,1.Asalariado_patr,2.No_agro,6.818071092605935
BGD,2.Media,1.Asalariado_patr,2.No_agro,17.4870445379287
BGD,3.Alta,1.Asalariado_patr,2.No_agro,6.056802637188471
BGD,1.Baja,3.TCP_fliares,2.No_agro,2.297562751582111
BGD,2.Media,3.TCP_fliares,2.No_agro,21.96187132008294
BGD,3.Alta,3.TCP_fliares,2.No_agro,1.4844456934892334
BGR,1.Baja,1.Asalariado_patr,1.Agro,1.0766752583588106
BGR,2.Media,1.Asalariado_patr,1.Agro,2.4033015394869657
BGR,3.Alta,1.Asalariado_patr,1.Agro,0.1666107616147978
BGR,1.Baja,3.TCP_fliares,1.Agro,0.4151121562753654
BGR,2.Media,3.TCP_fliares,1.Agro,2.4736637496122134
BGR,3.Alta,3.TCP_fliares,1.Agro,0.3192059680274992
BGR,1.Baja,1.Asalariado_patr,2.No_agro,9.273996740978022
BGR,2.Media,1.Asalariado_patr,2.No_agro,48.602199908411336
BGR,3.Alta,1.Asalariado_patr,2.No_agro,26.45799439168544
BGR,1.Baja,3.TCP_fliares,2.No_agro,0.3020909376938486
BGR,2.Media,3.TCP_fliares,2.No_agro,4.2264756132232
BGR,3.Alta,3.TCP_fliares,2.No_agro,4.282672974632518
BHS,1.Baja,1.Asalariado_patr,1.Agro,0
BHS,2.Media,1.Asalariado_patr,1.Agro,0.4344882215629795
BHS,3.Alta,1.Asalariado_patr,1.Agro,0
BHS,1.Baja,3.TCP_fliares,1.Agro,0
BHS,2.Media,3.TCP_fliares,1.Agro,0.3132723046776555
BHS,3.Alta,3.TCP_fliares,1.Agro,0
BHS,1.Baja,1.Asalariado_patr,2.No_agro,14.094408873918303
BHS,2.Media,1.Asalariado_patr,2.No_agro,49.51310906823765
BHS,3.Alta,1.Asalariado_patr,2.No_agro,25.81237369770953
BHS,1.Baja,3.TCP_fliares,2.No_agro,0.6908777120860555
BHS,2.Media,3.TCP_fliares,2.No_agro,7.680337674648868
BHS,3.Alta,3.TCP_fliares,2.No_agro,1.4611324471589608
BIH,1.Baja,1.Asalariado_patr,1.Agro,0.7082827779586185
BIH,2.Media,1.Asalariado_patr,1.Agro,2.062685867397006
BIH,3.Alta,1.Asalariado_patr,1.Agro,0.23061326846288624
BIH,1.Baja,3.TCP_fliares,1.Agro,2.0101155990916086
BIH,2.Media,3.TCP_fliares,1.Agro,13.638908131481857
BIH,3.Alta,3.TCP_fliares,1.Agro,0.18537831531428065
BIH,1.Baja,1.Asalariado_patr,2.No_agro,7.461048928684356
BIH,2.Media,1.Asalariado_patr,2.No_agro,46.385635414554656
BIH,3.Alta,1.Asalariado_patr,2.No_agro,22.899266240776814
BIH,1.Baja,3.TCP_fliares,2.No_agro,0.27014811418700985
BIH,2.Media,3.TCP_fliares,2.No_agro,3.9130709423079946
BIH,3.Alta,3.TCP_fliares,2.No_agro,0.2348463997829121
BLR,1.Baja,1.Asalariado_patr,1.Agro,1.13412968236535
BLR,2.Media,1.Asalariado_patr,1.Agro,6.858750959233901
BLR,3.Alta,1.Asalariado_patr,1.Agro,2.3777799711823637
BLR,1.Baja,3.TCP_fliares,1.Agro,0.09081676753602881
BLR,2.Media,3.TCP_fliares,1.Agro,0.3449577494270644
BLR,3.Alta,3.TCP_fliares,1.Agro,0.11930272755182944
BLR,1.Baja,1.Asalariado_patr,2.No_agro,6.388556002293521
BLR,2.Media,1.Asalariado_patr,2.No_agro,43.3794324781596
BLR,3.Alta,1.Asalariado_patr,2.No_agro,36.257561184488914
BLR,1.Baja,3.TCP_fliares,2.No_agro,0.3456245937580265
BLR,2.Media,3.TCP_fliares,2.No_agro,1.4740199001431007
BLR,3.Alta,3.TCP_fliares,2.No_agro,1.229067983860295
BLZ,1.Baja,1.Asalariado_patr,1.Agro,5.2718525232038465
BLZ,2.Media,1.Asalariado_patr,1.Agro,4.452446096606434
BLZ,3.Alta,1.Asalariado_patr,1.Agro,0.275712590143354
BLZ,1.Baja,3.TCP_fliares,1.Agro,2.409579334067248
BLZ,2.Media,3.TCP_fliares,1.Agro,5.28250681665026
BLZ,3.Alta,3.TCP_fliares,1.Agro,0.06884405442082812
BLZ,1.Baja,1.Asalariado_patr,2.No_agro,12.32543245075095
BLZ,2.Media,1.Asalariado_patr,2.No_agro,35.69511198020899
BLZ,3.Alta,1.Asalariado_patr,2.No_agro,14.514964847896154
BLZ,1.Baja,3.TCP_fliares,2.No_agro,2.1508574382188934
BLZ,2.Media,3.TCP_fliares,2.No_agro,16.168942893034828
BLZ,3.Alta,3.TCP_fliares,2.No_agro,1.3837489747982215
BOL,1.Baja,1.Asalariado_patr,1.Agro,0.4600966025096718
BOL,2.Media,1.Asalariado_patr,1.Agro,3.4448792083959208
BOL,3.Alta,1.Asalariado_patr,1.Agro,0.12825558298855066
BOL,1.Baja,3.TCP_fliares,1.Agro,0.727755322475421
BOL,2.Media,3.TCP_fliares,1.Agro,26.110103262750872
BOL,3.Alta,3.TCP_fliares,1.Agro,0.1319124054721923
BOL,1.Baja,1.Asalariado_patr,2.No_agro,5.018758725172755
BOL,2.Media,1.Asalariado_patr,2.No_agro,19.13648531004784
BOL,3.Alta,1.Asalariado_patr,2.No_agro,13.067004518559326
BOL,1.Baja,3.TCP_fliares,2.No_agro,1.5156774163228657
BOL,2.Media,3.TCP_fliares,2.No_agro,27.693054817909903
BOL,3.Alta,3.TCP_fliares,2.No_agro,2.5660168273946846
BRA,1.Baja,1.Asalariado_patr,1.Agro,1.4709215902242385
BRA,2.Media,1.Asalariado_patr,1.Agro,2.520326390665288
BRA,3.Alta,1.Asalariado_patr,1.Agro,0.10210392324673198
BRA,1.Baja,3.TCP_fliares,1.Agro,1.2766071319531824
BRA,2.Media,3.TCP_fliares,1.Agro,5.094614748072943
BRA,3.Alta,3.TCP_fliares,1.Agro,0.08407659786855697
BRA,1.Baja,1.Asalariado_patr,2.No_agro,13.734778815982619
BRA,2.Media,1.Asalariado_patr,2.No_agro,36.16942440943504
BRA,3.Alta,1.Asalariado_patr,2.No_agro,19.516908011429713
BRA,1.Baja,3.TCP_fliares,2.No_agro,2.3615893878728027
BRA,2.Media,3.TCP_fliares,2.No_agro,14.484754336722567
BRA,3.Alta,3.TCP_fliares,2.No_agro,3.183894656526326
BRB,1.Baja,1.Asalariado_patr,1.Agro,0.4857017896873968
BRB,2.Media,1.Asalariado_patr,1.Agro,1.0041521822730488
BRB,3.Alta,1.Asalariado_patr,1.Agro,0.028221780494950156
BRB,1.Baja,3.TCP_fliares,1.Agro,0.19652176593026216
BRB,2.Media,3.TCP_fliares,1.Agro,1.0696430355864133
BRB,3.Alta,3.TCP_fliares,1.Agro,0.039178618975710136
BRB,1.Baja,1.Asalariado_patr,2.No_agro,13.787349231859842
BRB,2.Media,1.Asalariado_patr,2.No_agro,42.06020715840311
BRB,3.Alta,1.Asalariado_patr,2.No_agro,24.404826518732918
BRB,1.Baja,3.TCP_fliares,2.No_agro,1.1204683925226644
BRB,2.Media,3.TCP_fliares,2.No_agro,8.99888326498648
BRB,3.Alta,3.TCP_fliares,2.No_agro,6.804846260547213
BRN,1.Baja,1.Asalariado_patr,1.Agro,1.4485005868472678
BRN,2.Media,1.Asalariado_patr,1.Agro,0.7098941824765862
BRN,3.Alta,1.Asalariado_patr,1.Agro,0.2632067931881336
BRN,1.Baja,3.TCP_fliares,1.Agro,0.30449882714896936
BRN,2.Media,3.TCP_fliares,1.Agro,0.9256474597732572
BRN,3.Alta,3.TCP_fliares,1.Agro,0.12733387238877167
BRN,1.Baja,1.Asalariado_patr,2.No_agro,14.357811858578897
BRN,2.Media,1.Asalariado_patr,2.No_agro,39.25082295944084
BRN,3.Alta,1.Asalariado_patr,2.No_agro,38.454325396910576
BRN,1.Baja,3.TCP_fliares,2.No_agro,0.17238275635494435
BRN,2.Media,3.TCP_fliares,2.No_agro,2.9230710869665435
BRN,3.Alta,3.TCP_fliares,2.No_agro,1.062504219925207
BTN,1.Baja,1.Asalariado_patr,1.Agro,0.008227056015696746
BTN,2.Media,1.Asalariado_patr,1.Agro,0.5282390959980094
BTN,3.Alta,1.Asalariado_patr,1.Agro,0.010099081899587789
BTN,1.Baja,3.TCP_fliares,1.Agro,0.16292922827774703
BTN,2.Media,3.TCP_fliares,1.Agro,66.27658852851918
BTN,3.Alta,3.TCP_fliares,1.Agro,0.2238353285671812
BTN,1.Baja,1.Asalariado_patr,2.No_agro,2.20543262712171
BTN,2.Media,1.Asalariado_patr,2.No_agro,11.251231956523172
BTN,3.Alta,1.Asalariado_patr,2.No_agro,8.295984566297415
BTN,1.Baja,3.TCP_fliares,2.No_agro,0.29409162890506796
BTN,2.Media,3.TCP_fliares,2.No_agro,9.505260080314697
BTN,3.Alta,3.TCP_fliares,2.No_agro,1.2380808215605272
BWA,1.Baja,1.Asalariado_patr,1.Agro,3.814700660747608
BWA,2.Media,1.Asalariado_patr,1.Agro,3.972571220719988
BWA,3.Alta,1.Asalariado_patr,1.Agro,0.0935113041712239
BWA,1.Baja,3.TCP_fliares,1.Agro,3.774770273683912
BWA,2.Media,3.TCP_fliares,1.Agro,6.671246747770933
BWA,3.Alta,3.TCP_fliares,1.Agro,0.08979512141791689
BWA,1.Baja,1.Asalariado_patr,2.No_agro,17.595920172315132
BWA,2.Media,1.Asalariado_patr,2.No_agro,37.32868665121199
BWA,3.Alta,1.Asalariado_patr,2.No_agro,17.850303440864106
BWA,1.Baja,3.TCP_fliares,2.No_agro,1.5772478911253485
BWA,2.Media,3.TCP_fliares,2.No_agro,5.678530109875494
BWA,3.Alta,3.TCP_fliares,2.No_agro,1.5527164060963408
CHE,1.Baja,1.Asalariado_patr,1.Agro,0.1354250818861173
CHE,2.Media,1.Asalariado_patr,1.Agro,0.8527755481534853
CHE,3.Alta,1.Asalariado_patr,1.Agro,0.11661797419767256
CHE,1.Baja,3.TCP_fliares,1.Agro,0.16472458909639162
CHE,2.Media,3.TCP_fliares,1.Agro,1.7578528194819616
CHE,3.Alta,3.TCP_fliares,1.Agro,0.2705983101360933
CHE,1.Baja,1.Asalariado_patr,2.No_agro,4.9790208413538295
CHE,2.Media,1.Asalariado_patr,2.No_agro,41.31747337768394
CHE,3.Alta,1.Asalariado_patr,2.No_agro,41.96998158012945
CHE,1.Baja,3.TCP_fliares,2.No_agro,0.270861402273397
CHE,2.Media,3.TCP_fliares,2.No_agro,3.8091263529921338
CHE,3.Alta,3.TCP_fliares,2.No_agro,4.35554212261554
CHL,1.Baja,1.Asalariado_patr,1.Agro,3.818773907502445
CHL,2.Media,1.Asalariado_patr,1.Agro,2.2216525535996525
CHL,3.Alta,1.Asalariado_patr,1.Agro,0.37179148688339647
CHL,1.Baja,3.TCP_fliares,1.Agro,1.1017218717488377
CHL,2.Media,3.TCP_fliares,1.Agro,1.2570842390985093
CHL,3.Alta,3.TCP_fliares,1.Agro,0.06692838170824437
CHL,1.Baja,1.Asalariado_patr,2.No_agro,14.828479623350184
CHL,2.Media,1.Asalariado_patr,2.No_agro,34.61588739742481
CHL,3.Alta,1.Asalariado_patr,2.No_agro,23.25762726847067
CHL,1.Baja,3.TCP_fliares,2.No_agro,2.8152703179817222
CHL,2.Media,3.TCP_fliares,2.No_agro,12.889591762765676
CHL,3.Alta,3.TCP_fliares,2.No_agro,2.7551911894658643
CIV,1.Baja,1.Asalariado_patr,1.Agro,0.44938066662551773
CIV,2.Media,1.Asalariado_patr,1.Agro,3.2541512502314007
CIV,3.Alta,1.Asalariado_patr,1.Agro,0.09290103318639738
CIV,1.Baja,3.TCP_fliares,1.Agro,1.1688145574092577
CIV,2.Media,3.TCP_fliares,1.Agro,42.81840236775625
CIV,3.Alta,3.TCP_fliares,1.Agro,0.13834560539400545
CIV,1.Baja,1.Asalariado_patr,2.No_agro,3.644197599777785
CIV,2.Media,1.Asalariado_patr,2.No_agro,11.494320899579115
CIV,3.Alta,1.Asalariado_patr,2.No_agro,5.6999974208464534
CIV,1.Baja,3.TCP_fliares,2.No_agro,1.7498922009407292
CIV,2.Media,3.TCP_fliares,2.No_agro,27.922493068924656
CIV,3.Alta,3.TCP_fliares,2.No_agro,1.5671033293284422
CMR,1.Baja,1.Asalariado_patr,1.Agro,0.003005389221242011
CMR,2.Media,1.Asalariado_patr,1.Agro,2.2405213120373757
CMR,3.Alta,1.Asalariado_patr,1.Agro,0.05925623603304429
CMR,1.Baja,3.TCP_fliares,1.Agro,0.04354553046104109
CMR,2.Media,3.TCP_fliares,1.Agro,45.34893660686297
CMR,3.Alta,3.TCP_fliares,1.Agro,0.20867733555371737
CMR,1.Baja,1.Asalariado_patr,2.No_agro,2.726465682429116
CMR,2.Media,1.Asalariado_patr,2.No_agro,12.313362840755142
CMR,3.Alta,1.Asalariado_patr,2.No_agro,8.040347450026472
CMR,1.Baja,3.TCP_fliares,2.No_agro,3.615401309277725
CMR,2.Media,3.TCP_fliares,2.No_agro,22.8091089617151
CMR,3.Alta,3.TCP_fliares,2.No_agro,2.5913713456270573
COD,1.Baja,1.Asalariado_patr,1.Agro,0.2966397213119198
COD,2.Media,1.Asalariado_patr,1.Agro,1.6563744200229937
COD,3.Alta,1.Asalariado_patr,1.Agro,0.04228791629766358
COD,1.Baja,3.TCP_fliares,1.Agro,4.686627468268572
COD,2.Media,3.TCP_fliares,1.Agro,55.4922610332708
COD,3.Alta,3.TCP_fliares,1.Agro,0.052068473334533766
COD,1.Baja,1.Asalariado_patr,2.No_agro,2.160990407935618
COD,2.Media,1.Asalariado_patr,2.No_agro,7.506964113213353
COD,3.Alta,1.Asalariado_patr,2.No_agro,9.830114759002806
COD,1.Baja,3.TCP_fliares,2.No_agro,2.0956184556484034
COD,2.Media,3.TCP_fliares,2.No_agro,15.437127514548342
COD,3.Alta,3.TCP_fliares,2.No_agro,0.7429257171449977
COG,1.Baja,1.Asalariado_patr,1.Agro,0
COG,2.Media,1.Asalariado_patr,1.Agro,1.0175372511016159
COG,3.Alta,1.Asalariado_patr,1.Agro,0
COG,1.Baja,3.TCP_fliares,1.Agro,0
COG,2.Media,3.TCP_fliares,1.Agro,3.021221689049165
COG,3.Alta,3.TCP_fliares,1.Agro,0
COG,1.Baja,1.Asalariado_patr,2.No_agro,5.817114443252923
COG,2.Media,1.Asalariado_patr,2.No_agro,43.66363983959076
COG,3.Alta,1.Asalariado_patr,2.No_agro,17.174820019645306
COG,1.Baja,3.TCP_fliares,2.No_agro,0.9535320140189543
COG,2.Media,3.TCP_fliares,2.No_agro,27.60702897780812
COG,3.Alta,3.TCP_fliares,2.No_agro,0.7451057655331544
COK,1.Baja,1.Asalariado_patr,1.Agro,0
COK,2.Media,1.Asalariado_patr,1.Agro,0.6770718312326746
COK,3.Alta,1.Asalariado_patr,1.Agro,0.14349617974987947
COK,1.Baja,3.TCP_fliares,1.Agro,0
COK,2.Media,3.TCP_fliares,1.Agro,3.5632805453369127
COK,3.Alta,3.TCP_fliares,1.Agro,0.6848517263706911
COK,1.Baja,1.Asalariado_patr,2.No_agro,12.962333769033444
COK,2.Media,1.Asalariado_patr,2.No_agro,41.81725262546117
COK,3.Alta,1.Asalariado_patr,2.No_agro,32.88583676252714
COK,1.Baja,3.TCP_fliares,2.No_agro,0.41614233378688287
COK,2.Media,3.TCP_fliares,2.No_agro,3.9982756106837263
COK,3.Alta,3.TCP_fliares,2.No_agro,2.8514586158174753
COL,1.Baja,1.Asalariado_patr,1.Agro,0.8260482406586432
COL,2.Media,1.Asalariado_patr,1.Agro,3.5144537600832337
COL,3.Alta,1.Asalariado_patr,1.Agro,2.3893655203932287
COL,1.Baja,3.TCP_fliares,1.Agro,0.842137956980611
COL,2.Media,3.TCP_fliares,1.Agro,5.603251320015745
COL,3.Alta,3.TCP_fliares,1.Agro,3.9405064245567765
COL,1.Baja,1.Asalariado_patr,2.No_agro,4.777416271399974
COL,2.Media,1.Asalariado_patr,2.No_agro,23.48804159252768
COL,3.Alta,1.Asalariado_patr,2.No_agro,17.280093060211215
COL,1.Baja,3.TCP_fliares,2.No_agro,2.56799971322436
COL,2.Media,3.TCP_fliares,2.No_agro,19.744817795622396
COL,3.Alta,3.TCP_fliares,2.No_agro,15.025868344326144
COM,1.Baja,1.Asalariado_patr,1.Agro,0.018822706675829578
COM,2.Media,1.Asalariado_patr,1.Agro,2.7658178744796946
COM,3.Alta,1.Asalariado_patr,1.Agro,0.07811047198948377
COM,1.Baja,3.TCP_fliares,1.Agro,0.05591306998777703
COM,2.Media,3.TCP_fliares,1.Agro,35.78313111688156
COM,3.Alta,3.TCP_fliares,1.Agro,0.04193754721819929
COM,1.Baja,1.Asalariado_patr,2.No_agro,2.593986099793744
COM,2.Media,1.Asalariado_patr,2.No_agro,21.012625412241647
COM,3.Alta,1.Asalariado_patr,2.No_agro,15.383330546454912
COM,1.Baja,3.TCP_fliares,2.No_agro,0.5961134694457163
COM,2.Media,3.TCP_fliares,2.No_agro,21.03125096183739
COM,3.Alta,3.TCP_fliares,2.No_agro,0.6389607229940396
CPV,1.Baja,1.Asalariado_patr,1.Agro,1.1898527099022522
CPV,2.Media,1.Asalariado_patr,1.Agro,2.0026215173456374
CPV,3.Alta,1.Asalariado_patr,1.Agro,0.04812393245171994
CPV,1.Baja,3.TCP_fliares,1.Agro,5.4777341133001975
CPV,2.Media,3.TCP_fliares,1.Agro,5.283380679333144
CPV,3.Alta,3.TCP_fliares,1.Agro,0.0114133145880858
CPV,1.Baja,1.Asalariado_patr,2.No_agro,10.926863786620528
CPV,2.Media,1.Asalariado_patr,2.No_agro,33.42720085756406
CPV,3.Alta,1.Asalariado_patr,2.No_agro,15.674874513282331
CPV,1.Baja,3.TCP_fliares,2.No_agro,9.182104581438969
CPV,2.Media,3.TCP_fliares,2.No_agro,16.097261464950016
CPV,3.Alta,3.TCP_fliares,2.No_agro,0.6785685292230539
CRI,1.Baja,1.Asalariado_patr,1.Agro,4.510830922373593
CRI,2.Media,1.Asalariado_patr,1.Agro,2.7588849757052527
CRI,3.Alta,1.Asalariado_patr,1.Agro,0.22152688474550578
CRI,1.Baja,3.TCP_fliares,1.Agro,1.6164711941019905
CRI,2.Media,3.TCP_fliares,1.Agro,5.068648761430654
CRI,3.Alta,3.TCP_fliares,1.Agro,0.1277886949162559
CRI,1.Baja,1.Asalariado_patr,2.No_agro,15.544757680241204
CRI,2.Media,1.Asalariado_patr,2.No_agro,33.05880034156496
CRI,3.Alta,1.Asalariado_patr,2.No_agro,18.7621434223454
CRI,1.Baja,3.TCP_fliares,2.No_agro,1.3238567790976188
CRI,2.Media,3.TCP_fliares,2.No_agro,14.434153487328967
CRI,3.Alta,3.TCP_fliares,2.No_agro,2.5721368561486058
CYP,1.Baja,1.Asalariado_patr,1.Agro,0.6175799750827058
CYP,2.Media,1.Asalariado_patr,1.Agro,0.8341745217867196
CYP,3.Alta,1.Asalariado_patr,1.Agro,0.05678569836110689
CYP,1.Baja,3.TCP_fliares,1.Agro,0.4229365416624333
CYP,2.Media,3.TCP_fliares,1.Agro,1.369584000515518
CYP,3.Alta,3.TCP_fliares,1.Agro,0.06133818692453103
CYP,1.Baja,1.Asalariado_patr,2.No_agro,13.98664100443407
CYP,2.Media,1.Asalariado_patr,2.No_agro,40.22999730441202
CYP,3.Alta,1.Asalariado_patr,2.No_agro,31.455767986041916
CYP,1.Baja,3.TCP_fliares,2.No_agro,0.958234917302054
CYP,2.Media,3.TCP_fliares,2.No_agro,6.607821708980107
CYP,3.Alta,3.TCP_fliares,2.No_agro,3.3991381544968338
CZE,1.Baja,1.Asalariado_patr,1.Agro,0.21498953483100586
CZE,2.Media,1.Asalariado_patr,1.Agro,1.5807676958685644
CZE,3.Alta,1.Asalariado_patr,1.Agro,0.44052474700723443
CZE,1.Baja,3.TCP_fliares,1.Agro,0.015416843580400534
CZE,2.Media,3.TCP_fliares,1.Agro,0.5436515320821678
CZE,3.Alta,3.TCP_fliares,1.Agro,0.12345983568063634
CZE,1.Baja,1.Asalariado_patr,2.No_agro,5.258402407751425
CZE,2.Media,1.Asalariado_patr,2.No_agro,45.338917059627036
CZE,3.Alta,1.Asalariado_patr,2.No_agro,33.046588754708175
CZE,1.Baja,3.TCP_fliares,2.No_agro,0.20081788849493076
CZE,2.Media,3.TCP_fliares,2.No_agro,8.30412998989208
CZE,3.Alta,3.TCP_fliares,2.No_agro,4.93233371047634
DEU,1.Baja,1.Asalariado_patr,1.Agro,0.1803937490520312
DEU,2.Media,1.Asalariado_patr,1.Agro,0.48975543697124085
DEU,3.Alta,1.Asalariado_patr,1.Agro,0.032984002113404756
DEU,1.Baja,3.TCP_fliares,1.Agro,0.07432015225754436
DEU,2.Media,3.TCP_fliares,1.Agro,0.5775571496088162
DEU,3.Alta,3.TCP_fliares,1.Agro,0.0934699737147114
DEU,1.Baja,1.Asalariado_patr,2.No_agro,7.6432193810518445
DEU,2.Media,1.Asalariado_patr,2.No_agro,43.36484497649202
DEU,3.Alta,1.Asalariado_patr,2.No_agro,37.47682613393387
DEU,1.Baja,3.TCP_fliares,2.No_agro,0.1975140882275601
DEU,2.Media,3.TCP_fliares,2.No_agro,3.20767340516233
DEU,3.Alta,3.TCP_fliares,2.No_agro,6.661441551414628
DJI,1.Baja,1.Asalariado_patr,1.Agro,0
DJI,2.Media,1.Asalariado_patr,1.Agro,0.30000642183194354
DJI,3.Alta,1.Asalariado_patr,1.Agro,0
DJI,1.Baja,3.TCP_fliares,1.Agro,0
DJI,2.Media,3.TCP_fliares,1.Agro,0.8762687571008019
DJI,3.Alta,3.TCP_fliares,1.Agro,0
DJI,1.Baja,1.Asalariado_patr,2.No_agro,8.730446060492964
DJI,2.Media,1.Asalariado_patr,2.No_agro,28.664539882028475
DJI,3.Alta,1.Asalariado_patr,2.No_agro,32.32389205942686
DJI,1.Baja,3.TCP_fliares,2.No_agro,2.6442406184548815
DJI,2.Media,3.TCP_fliares,2.No_agro,24.799356472877452
DJI,3.Alta,3.TCP_fliares,2.No_agro,1.6612497277866236
DNK,1.Baja,1.Asalariado_patr,1.Agro,0.31784113623123744
DNK,2.Media,1.Asalariado_patr,1.Agro,0.9179675233841084
DNK,3.Alta,1.Asalariado_patr,1.Agro,0.06490173934384515
DNK,1.Baja,3.TCP_fliares,1.Agro,0.1343217412926402
DNK,2.Media,3.TCP_fliares,1.Agro,0.9235038648390633
DNK,3.Alta,3.TCP_fliares,1.Agro,0.0827893985875359
DNK,1.Baja,1.Asalariado_patr,2.No_agro,9.270977124819103
DNK,2.Media,1.Asalariado_patr,2.No_agro,38.021982574176626
DNK,3.Alta,1.Asalariado_patr,2.No_agro,42.54801029352048
DNK,1.Baja,3.TCP_fliares,2.No_agro,0.3135267931613535
DNK,2.Media,3.TCP_fliares,2.No_agro,3.060970198993469
DNK,3.Alta,3.TCP_fliares,2.No_agro,4.3432076116505485
DOM,1.Baja,1.Asalariado_patr,1.Agro,1.1543969534862757
DOM,2.Media,1.Asalariado_patr,1.Agro,1.1020734911391885
DOM,3.Alta,1.Asalariado_patr,1.Agro,0.07736859725790993
DOM,1.Baja,3.TCP_fliares,1.Agro,2.772083745162398
DOM,2.Media,3.TCP_fliares,1.Agro,5.492174840264694
DOM,3.Alta,3.TCP_fliares,1.Agro,0.056502297803812884
DOM,1.Baja,1.Asalariado_patr,2.No_agro,12.402010906286256
DOM,2.Media,1.Asalariado_patr,2.No_agro,28.71403709065192
DOM,3.Alta,1.Asalariado_patr,2.No_agro,15.395376783925295
DOM,1.Baja,3.TCP_fliares,2.No_agro,5.3108510330729635
DOM,2.Media,3.TCP_fliares,2.No_agro,25.518132714983622
DOM,3.Alta,3.TCP_fliares,2.No_agro,2.004991545965672
ECU,1.Baja,1.Asalariado_patr,1.Agro,5.156111431865886
ECU,2.Media,1.Asalariado_patr,1.Agro,5.807392320665523
ECU,3.Alta,1.Asalariado_patr,1.Agro,0.19692223586098948
ECU,1.Baja,3.TCP_fliares,1.Agro,6.430272328595082
ECU,2.Media,3.TCP_fliares,1.Agro,10.097685446892534
ECU,3.Alta,3.TCP_fliares,1.Agro,0.05649154557538427
ECU,1.Baja,1.Asalariado_patr,2.No_agro,8.778040749725257
ECU,2.Media,1.Asalariado_patr,2.No_agro,24.320424339863248
ECU,3.Alta,1.Asalariado_patr,2.No_agro,11.894860253854734
ECU,1.Baja,3.TCP_fliares,2.No_agro,5.268440102387047
ECU,2.Media,3.TCP_fliares,2.No_agro,20.35116159724906
ECU,3.Alta,3.TCP_fliares,2.No_agro,1.642197647465261
EGY,1.Baja,1.Asalariado_patr,1.Agro,0.2474743921937457
EGY,2.Media,1.Asalariado_patr,1.Agro,10.59192834471405
EGY,3.Alta,1.Asalariado_patr,1.Agro,4.439854113545146
EGY,1.Baja,3.TCP_fliares,1.Agro,0.31227279110315576
EGY,2.Media,3.TCP_fliares,1.Agro,9.939600520774464
EGY,3.Alta,3.TCP_fliares,1.Agro,0.5378127393065673
EGY,1.Baja,1.Asalariado_patr,2.No_agro,5.63475247169159
EGY,2.Media,1.Asalariado_patr,2.No_agro,31.566931776243973
EGY,3.Alta,1.Asalariado_patr,2.No_agro,25.20753908063181
EGY,1.Baja,3.TCP_fliares,2.No_agro,2.0590429902507545
EGY,2.Media,3.TCP_fliares,2.No_agro,8.578531701550823
EGY,3.Alta,3.TCP_fliares,2.No_agro,0.8842590779939189
ESP,1.Baja,1.Asalariado_patr,1.Agro,1.4790454740770844
ESP,2.Media,1.Asalariado_patr,1.Agro,0.8525059800499009
ESP,3.Alta,1.Asalariado_patr,1.Agro,0.06801306794545572
ESP,1.Baja,3.TCP_fliares,1.Agro,0.17409994987428268
ESP,2.Media,3.TCP_fliares,1.Agro,1.4363191340617065
ESP,3.Alta,3.TCP_fliares,1.Agro,0.1441979172624397
ESP,1.Baja,1.Asalariado_patr,2.No_agro,11.181780814443195
ESP,2.Media,1.Asalariado_patr,2.No_agro,42.60517238325686
ESP,3.Alta,1.Asalariado_patr,2.No_agro,27.008076526385146
ESP,1.Baja,3.TCP_fliares,2.No_agro,0.15196544841254445
ESP,2.Media,3.TCP_fliares,2.No_agro,8.287672872138229
ESP,3.Alta,3.TCP_fliares,2.No_agro,6.6111504320931616
EST,1.Baja,1.Asalariado_patr,1.Agro,0.5911596619667774
EST,2.Media,1.Asalariado_patr,1.Agro,1.9557783965494948
EST,3.Alta,1.Asalariado_patr,1.Agro,0.3694887159806875
EST,1.Baja,3.TCP_fliares,1.Agro,0.04012699261868036
EST,2.Media,3.TCP_fliares,1.Agro,0.7310538583419132
EST,3.Alta,3.TCP_fliares,1.Agro,0.28832517572776917
EST,1.Baja,1.Asalariado_patr,2.No_agro,8.091160184277454
EST,2.Media,1.Asalariado_patr,2.No_agro,42.062961894338805
EST,3.Alta,1.Asalariado_patr,2.No_agro,37.610288464412776
EST,1.Baja,3.TCP_fliares,2.No_agro,0.09943588816639394
EST,2.Media,3.TCP_fliares,2.No_agro,2.8466240725328014
EST,3.Alta,3.TCP_fliares,2.No_agro,5.313596695086452
ETH,1.Baja,1.Asalariado_patr,1.Agro,0.5603390641871137
ETH,2.Media,1.Asalariado_patr,1.Agro,1.3549414521751095
ETH,3.Alta,1.Asalariado_patr,1.Agro,0.082511520203699
ETH,1.Baja,3.TCP_fliares,1.Agro,18.312066195969177
ETH,2.Media,3.TCP_fliares,1.Agro,50.660511240496824
ETH,3.Alta,3.TCP_fliares,1.Agro,0.08704693676812293
ETH,1.Baja,1.Asalariado_patr,2.No_agro,2.4746125847758207
ETH,2.Media,1.Asalariado_patr,2.No_agro,3.6174141195894314
ETH,3.Alta,1.Asalariado_patr,2.No_agro,3.977917649351647
ETH,1.Baja,3.TCP_fliares,2.No_agro,6.927407236236913
ETH,2.Media,3.TCP_fliares,2.No_agro,11.585754473778819
ETH,3.Alta,3.TCP_fliares,2.No_agro,0.35947752646731806
FIN,1.Baja,1.Asalariado_patr,1.Agro,0.06071245874570013
FIN,2.Media,1.Asalariado_patr,1.Agro,1.110107743410967
FIN,3.Alta,1.Asalariado_patr,1.Agro,0.1054727355461687
FIN,1.Baja,3.TCP_fliares,1.Agro,0.036242261445775414
FIN,2.Media,3.TCP_fliares,1.Agro,2.5889428213106758
FIN,3.Alta,3.TCP_fliares,1.Agro,0.20648414721375272
FIN,1.Baja,1.Asalariado_patr,2.No_agro,6.272006480307367
FIN,2.Media,1.Asalariado_patr,2.No_agro,38.243398756029045
FIN,3.Alta,1.Asalariado_patr,2.No_agro,40.82555890656349
FIN,1.Baja,3.TCP_fliares,2.No_agro,0.22853436536607846
FIN,2.Media,3.TCP_fliares,2.No_agro,5.444040633391611
FIN,3.Alta,3.TCP_fliares,2.No_agro,4.878498690669372
FJI,1.Baja,1.Asalariado_patr,1.Agro,0.9844528205936487
FJI,2.Media,1.Asalariado_patr,1.Agro,3.539861313920997
FJI,3.Alta,1.Asalariado_patr,1.Agro,0.06798714041103332
FJI,1.Baja,3.TCP_fliares,1.Agro,2.2725519705324717
FJI,2.Media,3.TCP_fliares,1.Agro,31.27758364108007
FJI,3.Alta,3.TCP_fliares,1.Agro,0.2809041149503015
FJI,1.Baja,1.Asalariado_patr,2.No_agro,7.6986349859681935
FJI,2.Media,1.Asalariado_patr,2.No_agro,28.201911682063635
FJI,3.Alta,1.Asalariado_patr,2.No_agro,16.610159375002684
FJI,1.Baja,3.TCP_fliares,2.No_agro,0.48010951541540786
FJI,2.Media,3.TCP_fliares,2.No_agro,6.731830358057881
FJI,3.Alta,3.TCP_fliares,2.No_agro,1.8540130820036742
FRA,1.Baja,1.Asalariado_patr,1.Agro,0.09503523176354599
FRA,2.Media,1.Asalariado_patr,1.Agro,1.2416174830968836
FRA,3.Alta,1.Asalariado_patr,1.Agro,0.10367933237822348
FRA,1.Baja,3.TCP_fliares,1.Agro,0.008407228509443428
FRA,2.Media,3.TCP_fliares,1.Agro,1.2779283954137364
FRA,3.Alta,3.TCP_fliares,1.Agro,0.1031576225404317
FRA,1.Baja,1.Asalariado_patr,2.No_agro,9.81030136439132
FRA,2.Media,1.Asalariado_patr,2.No_agro,39.76409989569173
FRA,3.Alta,1.Asalariado_patr,2.No_agro,41.72513442056298
FRA,1.Baja,3.TCP_fliares,2.No_agro,0.06115593890147783
FRA,2.Media,3.TCP_fliares,2.No_agro,2.8840177763220853
FRA,3.Alta,3.TCP_fliares,2.No_agro,2.925465310428149
FSM,1.Baja,1.Asalariado_patr,1.Agro,0.07705142740055013
FSM,2.Media,1.Asalariado_patr,1.Agro,1.1014694746213842
FSM,3.Alta,1.Asalariado_patr,1.Agro,0
FSM,1.Baja,3.TCP_fliares,1.Agro,4.612988043228658
FSM,2.Media,3.TCP_fliares,1.Agro,34.969378646377656
FSM,3.Alta,3.TCP_fliares,1.Agro,0
FSM,1.Baja,1.Asalariado_patr,2.No_agro,5.851226529585618
FSM,2.Media,1.Asalariado_patr,2.No_agro,22.855942800012805
FSM,3.Alta,1.Asalariado_patr,2.No_agro,21.18255178113383
FSM,1.Baja,3.TCP_fliares,2.No_agro,2.9417682629448145
FSM,2.Media,3.TCP_fliares,2.No_agro,6.093607765511755
FSM,3.Alta,3.TCP_fliares,2.No_agro,0.31401526918292777
GBR,1.Baja,1.Asalariado_patr,1.Agro,0.16350341887479808
GBR,2.Media,1.Asalariado_patr,1.Agro,0.3162544149110675
GBR,3.Alta,1.Asalariado_patr,1.Agro,0.1641950434735007
GBR,1.Baja,3.TCP_fliares,1.Agro,0.0928803217611198
GBR,2.Media,3.TCP_fliares,1.Agro,0.2934457700465052
GBR,3.Alta,3.TCP_fliares,1.Agro,0.11797243125252412
GBR,1.Baja,1.Asalariado_patr,2.No_agro,8.033530566938596
GBR,2.Media,1.Asalariado_patr,2.No_agro,35.69581633160458
GBR,3.Alta,1.Asalariado_patr,2.No_agro,43.26578695097738
GBR,1.Baja,3.TCP_fliares,2.No_agro,0.786790150138087
GBR,2.Media,3.TCP_fliares,2.No_agro,5.710368906546922
GBR,3.Alta,3.TCP_fliares,2.No_agro,5.359455693474924
GEO,1.Baja,1.Asalariado_patr,1.Agro,0.2741928944840603
GEO,2.Media,1.Asalariado_patr,1.Agro,0.8801111013881696
GEO,3.Alta,1.Asalariado_patr,1.Agro,0.03129906295807741
GEO,1.Baja,3.TCP_fliares,1.Agro,0.5540691735950496
GEO,2.Media,3.TCP_fliares,1.Agro,43.358188847709705
GEO,3.Alta,3.TCP_fliares,1.Agro,0.12482598105601436
GEO,1.Baja,1.Asalariado_patr,2.No_agro,4.763579067848078
GEO,2.Media,1.Asalariado_patr,2.No_agro,15.793973334294497
GEO,3.Alta,1.Asalariado_patr,2.No_agro,24.630032110770607
GEO,1.Baja,3.TCP_fliares,2.No_agro,0.10419457434150375
GEO,2.Media,3.TCP_fliares,2.No_agro,8.422266289076909
GEO,3.Alta,3.TCP_fliares,2.No_agro,1.0632675624773265
GHA,1.Baja,1.Asalariado_patr,1.Agro,0.204111397635554
GHA,2.Media,1.Asalariado_patr,1.Agro,2.617423132389663
GHA,3.Alta,1.Asalariado_patr,1.Agro,0.06054975979532237
GHA,1.Baja,3.TCP_fliares,1.Agro,1.0303828705173415
GHA,2.Media,3.TCP_fliares,1.Agro,37.61117549768157
GHA,3.Alta,3.TCP_fliares,1.Agro,0.06582786090681542
GHA,1.Baja,1.Asalariado_patr,2.No_agro,2.3922985959705563
GHA,2.Media,1.Asalariado_patr,2.No_agro,16.348716560971933
GHA,3.Alta,1.Asalariado_patr,2.No_agro,8.389812890033125
GHA,1.Baja,3.TCP_fliares,2.No_agro,1.474903102619074
GHA,2.Media,3.TCP_fliares,2.No_agro,28.69084672633623
GHA,3.Alta,3.TCP_fliares,2.No_agro,1.1139516051428067
GIN,1.Baja,1.Asalariado_patr,1.Agro,0.0011249791722132722
GIN,2.Media,1.Asalariado_patr,1.Agro,1.0454935280218038
GIN,3.Alta,1.Asalariado_patr,1.Agro,0.027727353544520682
GIN,1.Baja,3.TCP_fliares,1.Agro,0.032061703529608944
GIN,2.Media,3.TCP_fliares,1.Agro,51.608070995718855
GIN,3.Alta,3.TCP_fliares,1.Agro,0.08401129371757797
GIN,1.Baja,1.Asalariado_patr,2.No_agro,0.3700519877922917
GIN,2.Media,1.Asalariado_patr,2.No_agro,8.11644387081521
GIN,3.Alta,1.Asalariado_patr,2.No_agro,2.43304325006655
GIN,1.Baja,3.TCP_fliares,2.No_agro,0.9141812932745537
GIN,2.Media,3.TCP_fliares,2.No_agro,34.72878135715294
GIN,3.Alta,3.TCP_fliares,2.No_agro,0.6390083871938737
GMB,1.Baja,1.Asalariado_patr,1.Agro,0.1909676806468812
GMB,2.Media,1.Asalariado_patr,1.Agro,1.5051799664316554
GMB,3.Alta,1.Asalariado_patr,1.Agro,0.026394864682602524
GMB,1.Baja,3.TCP_fliares,1.Agro,2.2160805140475057
GMB,2.Media,3.TCP_fliares,1.Agro,38.187715227181116
GMB,3.Alta,3.TCP_fliares,1.Agro,0.05630337163344802
GMB,1.Baja,1.Asalariado_patr,2.No_agro,7.455635526013056
GMB,2.Media,1.Asalariado_patr,2.No_agro,10.483021033430724
GMB,3.Alta,1.Asalariado_patr,2.No_agro,7.110527106843361
GMB,1.Baja,3.TCP_fliares,2.No_agro,7.711314458685432
GMB,2.Media,3.TCP_fliares,2.No_agro,23.704990525633505
GMB,3.Alta,3.TCP_fliares,2.No_agro,1.3518697247707256
GNB,1.Baja,1.Asalariado_patr,1.Agro,0.3220526119779325
GNB,2.Media,1.Asalariado_patr,1.Agro,1.9811403624771753
GNB,3.Alta,1.Asalariado_patr,1.Agro,0.12084369501140492
GNB,1.Baja,3.TCP_fliares,1.Agro,1.6702155702035506
GNB,2.Media,3.TCP_fliares,1.Agro,17.967622672871283
GNB,3.Alta,3.TCP_fliares,1.Agro,0.8420578820606845
GNB,1.Baja,1.Asalariado_patr,2.No_agro,4.582468905147932
GNB,2.Media,1.Asalariado_patr,2.No_agro,15.392950363358727
GNB,3.Alta,1.Asalariado_patr,2.No_agro,12.454136830438813
GNB,1.Baja,3.TCP_fliares,2.No_agro,4.243497887577935
GNB,2.Media,3.TCP_fliares,2.No_agro,24.927343765423576
GNB,3.Alta,3.TCP_fliares,2.No_agro,15.495669453450985
GRC,1.Baja,1.Asalariado_patr,1.Agro,0.5188439821095694
GRC,2.Media,1.Asalariado_patr,1.Agro,1.5975774676601815
GRC,3.Alta,1.Asalariado_patr,1.Agro,0.012250405472267276
GRC,1.Baja,3.TCP_fliares,1.Agro,0.272109133000759
GRC,2.Media,3.TCP_fliares,1.Agro,9.74317563020377
GRC,3.Alta,3.TCP_fliares,1.Agro,0.056396829266812214
GRC,1.Baja,1.Asalariado_patr,2.No_agro,6.306625227934948
GRC,2.Media,1.Asalariado_patr,2.No_agro,38.31909866099229
GRC,3.Alta,1.Asalariado_patr,2.No_agro,25.99641629618381
GRC,1.Baja,3.TCP_fliares,2.No_agro,0.15928688291678186
GRC,2.Media,3.TCP_fliares,2.No_agro,11.25461245322689
GRC,3.Alta,3.TCP_fliares,2.No_agro,5.7636070310319125
GRD,1.Baja,1.Asalariado_patr,1.Agro,1.622973016549028
GRD,2.Media,1.Asalariado_patr,1.Agro,3.233192527135855
GRD,3.Alta,1.Asalariado_patr,1.Agro,0.14684568966223666
GRD,1.Baja,3.TCP_fliares,1.Agro,0.9921512217374876
GRD,2.Media,3.TCP_fliares,1.Agro,4.43763235498912
GRD,3.Alta,3.TCP_fliares,1.Agro,0.08603205173299715
GRD,1.Baja,1.Asalariado_patr,2.No_agro,14.73060195411682
GRD,2.Media,1.Asalariado_patr,2.No_agro,43.24772715364664
GRD,3.Alta,1.Asalariado_patr,2.No_agro,19.280184325380027
GRD,1.Baja,3.TCP_fliares,2.No_agro,1.3817096336498096
GRD,2.Media,3.TCP_fliares,2.No_agro,9.107784801775164
GRD,3.Alta,3.TCP_fliares,2.No_agro,1.733165269624815
GTM,1.Baja,1.Asalariado_patr,1.Agro,9.919241968297303
GTM,2.Media,1.Asalariado_patr,1.Agro,5.563711655248514
GTM,3.Alta,1.Asalariado_patr,1.Agro,0.10050393475612225
GTM,1.Baja,3.TCP_fliares,1.Agro,5.169358819607758
GTM,2.Media,3.TCP_fliares,1.Agro,11.371553759858713
GTM,3.Alta,3.TCP_fliares,1.Agro,0.059093660419931145
GTM,1.Baja,1.Asalariado_patr,2.No_agro,10.017410348528605
GTM,2.Media,1.Asalariado_patr,2.No_agro,27.13537037691875
GTM,3.Alta,1.Asalariado_patr,2.No_agro,8.670603586614401
GTM,1.Baja,3.TCP_fliares,2.No_agro,1.7454488658639702
GTM,2.Media,3.TCP_fliares,2.No_agro,18.543188798398482
GTM,3.Alta,3.TCP_fliares,2.No_agro,1.704514225487455
GUY,1.Baja,1.Asalariado_patr,1.Agro,2.948555143193459
GUY,2.Media,1.Asalariado_patr,1.Agro,4.876356298972283
GUY,3.Alta,1.Asalariado_patr,1.Agro,0.5126024349006939
GUY,1.Baja,3.TCP_fliares,1.Agro,1.488015598731538
GUY,2.Media,3.TCP_fliares,1.Agro,5.773100703616162
GUY,3.Alta,3.TCP_fliares,1.Agro,0.12792463678154872
GUY,1.Baja,1.Asalariado_patr,2.No_agro,12.52490487020627
GUY,2.Media,1.Asalariado_patr,2.No_agro,33.70328754079337
GUY,3.Alta,1.Asalariado_patr,2.No_agro,16.880694043498465
GUY,1.Baja,3.TCP_fliares,2.No_agro,2.652479771135604
GUY,2.Media,3.TCP_fliares,2.No_agro,16.74423779839998
GUY,3.Alta,3.TCP_fliares,2.No_agro,1.7678411597706276
HKG,1.Baja,1.Asalariado_patr,1.Agro,0
HKG,2.Media,1.Asalariado_patr,1.Agro,0
HKG,3.Alta,1.Asalariado_patr,1.Agro,0
HKG,1.Baja,3.TCP_fliares,1.Agro,0
HKG,2.Media,3.TCP_fliares,1.Agro,0
HKG,3.Alta,3.TCP_fliares,1.Agro,0
HKG,1.Baja,1.Asalariado_patr,2.No_agro,19.60278739242834
HKG,2.Media,1.Asalariado_patr,2.No_agro,37.58527653007451
HKG,3.Alta,1.Asalariado_patr,2.No_agro,37.439741978712895
HKG,1.Baja,3.TCP_fliares,2.No_agro,0.2375799532966843
HKG,2.Media,3.TCP_fliares,2.No_agro,2.806644266498905
HKG,3.Alta,3.TCP_fliares,2.No_agro,2.3279698789886605
HND,1.Baja,1.Asalariado_patr,1.Agro,8.18468458313032
HND,2.Media,1.Asalariado_patr,1.Agro,8.226192518514956
HND,3.Alta,1.Asalariado_patr,1.Agro,0.18843838735944857
HND,1.Baja,3.TCP_fliares,1.Agro,5.490515991453136
HND,2.Media,3.TCP_fliares,1.Agro,9.96531915770439
HND,3.Alta,3.TCP_fliares,1.Agro,0.11506154979951264
HND,1.Baja,1.Asalariado_patr,2.No_agro,8.1093227465529
HND,2.Media,1.Asalariado_patr,2.No_agro,21.97124592246046
HND,3.Alta,1.Asalariado_patr,2.No_agro,12.19792437114992
HND,1.Baja,3.TCP_fliares,2.No_agro,3.5185511438034744
HND,2.Media,3.TCP_fliares,2.No_agro,17.215319914359107
HND,3.Alta,3.TCP_fliares,2.No_agro,4.817423713712378
HRV,1.Baja,1.Asalariado_patr,1.Agro,0.42500659468221297
HRV,2.Media,1.Asalariado_patr,1.Agro,1.5867296602817031
HRV,3.Alta,1.Asalariado_patr,1.Agro,0.06927298155263646
HRV,1.Baja,3.TCP_fliares,1.Agro,0.42098208522339614
HRV,2.Media,3.TCP_fliares,1.Agro,7.14368190857959
HRV,3.Alta,3.TCP_fliares,1.Agro,0.48575469076391975
HRV,1.Baja,1.Asalariado_patr,2.No_agro,6.453874139307246
HRV,2.Media,1.Asalariado_patr,2.No_agro,44.86096171356223
HRV,3.Alta,1.Asalariado_patr,2.No_agro,29.725303567623218
HRV,1.Baja,3.TCP_fliares,2.No_agro,0.13540723000032853
HRV,2.Media,3.TCP_fliares,2.No_agro,4.278003779957044
HRV,3.Alta,3.TCP_fliares,2.No_agro,4.415021648466475
HUN,1.Baja,1.Asalariado_patr,1.Agro,0.6430434283920683
HUN,2.Media,1.Asalariado_patr,1.Agro,2.34377919166258
HUN,3.Alta,1.Asalariado_patr,1.Agro,0.2928382142114903
HUN,1.Baja,3.TCP_fliares,1.Agro,0.041519210257792365
HUN,2.Media,3.TCP_fliares,1.Agro,1.3405019080968674
HUN,3.Alta,3.TCP_fliares,1.Agro,0.19947951840002032
HUN,1.Baja,1.Asalariado_patr,2.No_agro,8.887308393849352
HUN,2.Media,1.Asalariado_patr,2.No_agro,45.993567514086934
HUN,3.Alta,1.Asalariado_patr,2.No_agro,30.584850316443006
HUN,1.Baja,3.TCP_fliares,2.No_agro,0.1163330241719165
HUN,2.Media,3.TCP_fliares,2.No_agro,5.33300298790259
HUN,3.Alta,3.TCP_fliares,2.No_agro,4.223776292525391
IDN,1.Baja,1.Asalariado_patr,1.Agro,2.8172132732840427
IDN,2.Media,1.Asalariado_patr,1.Agro,5.39685948610423
IDN,3.Alta,1.Asalariado_patr,1.Agro,0.0712544393049099
IDN,1.Baja,3.TCP_fliares,1.Agro,1.8144553294408448
IDN,2.Media,3.TCP_fliares,1.Agro,24.17953981319005
IDN,3.Alta,3.TCP_fliares,1.Agro,0.04313377364375146
IDN,1.Baja,1.Asalariado_patr,2.No_agro,10.69100649438181
IDN,2.Media,1.Asalariado_patr,2.No_agro,21.5635515278521
IDN,3.Alta,1.Asalariado_patr,2.No_agro,8.532938462616459
IDN,1.Baja,3.TCP_fliares,2.No_agro,1.577220424959156
IDN,2.Media,3.TCP_fliares,2.No_agro,22.129645433094858
IDN,3.Alta,3.TCP_fliares,2.No_agro,1.1831815421277907
IND,1.Baja,1.Asalariado_patr,1.Agro,0.2263626840548027
IND,2.Media,1.Asalariado_patr,1.Agro,0.9024408429778118
IND,3.Alta,1.Asalariado_patr,1.Agro,0.0248814410601988
IND,1.Baja,3.TCP_fliares,1.Agro,13.524269670809701
IND,2.Media,3.TCP_fliares,1.Agro,28.76634520636322
IND,3.Alta,3.TCP_fliares,1.Agro,0.5685462512533312
IND,1.Baja,1.Asalariado_patr,2.No_agro,3.3648438962757012
IND,2.Media,1.Asalariado_patr,2.No_agro,11.715905587431676
IND,3.Alta,1.Asalariado_patr,2.No_agro,7.55369794306101
IND,1.Baja,3.TCP_fliares,2.No_agro,8.974858281971741
IND,2.Media,3.TCP_fliares,2.No_agro,16.672299375267148
IND,3.Alta,3.TCP_fliares,2.No_agro,7.705548819473664
IRL,1.Baja,1.Asalariado_patr,1.Agro,0.36753766195195614
IRL,2.Media,1.Asalariado_patr,1.Agro,0.8361595329257542
IRL,3.Alta,1.Asalariado_patr,1.Agro,0.06363840539347161
IRL,1.Baja,3.TCP_fliares,1.Agro,0.35413874588243766
IRL,2.Media,3.TCP_fliares,1.Agro,3.344754393267888
IRL,3.Alta,3.TCP_fliares,1.Agro,0.33664584031199174
IRL,1.Baja,1.Asalariado_patr,2.No_agro,7.628288413805849
IRL,2.Media,1.Asalariado_patr,2.No_agro,38.84547912615383
IRL,3.Alta,1.Asalariado_patr,2.No_agro,35.97235270233521
IRL,1.Baja,3.TCP_fliares,2.No_agro,0.2550692987054271
IRL,2.Media,3.TCP_fliares,2.No_agro,5.39231254627297
IRL,3.Alta,3.TCP_fliares,2.No_agro,6.603623332993209
IRN,1.Baja,1.Asalariado_patr,1.Agro,1.6353659776710772
IRN,2.Media,1.Asalariado_patr,1.Agro,2.2055529355913244
IRN,3.Alta,1.Asalariado_patr,1.Agro,0.06916014253623971
IRN,1.Baja,3.TCP_fliares,1.Agro,1.4794529966574987
IRN,2.Media,3.TCP_fliares,1.Agro,12.298697036078192
IRN,3.Alta,3.TCP_fliares,1.Agro,0.05571616383186168
IRN,1.Baja,1.Asalariado_patr,2.No_agro,11.308994742028558
IRN,2.Media,1.Asalariado_patr,2.No_agro,27.78964541136554
IRN,3.Alta,1.Asalariado_patr,2.No_agro,16.058985428640906
IRN,1.Baja,3.TCP_fliares,2.No_agro,1.5563867107186982
IRN,2.Media,3.TCP_fliares,2.No_agro,23.5739262852796
IRN,3.Alta,3.TCP_fliares,2.No_agro,1.968116169600519
ISL,1.Baja,1.Asalariado_patr,1.Agro,0.28777071238103813
ISL,2.Media,1.Asalariado_patr,1.Agro,2.0590976647504973
ISL,3.Alta,1.Asalariado_patr,1.Agro,0.4383283010963559
ISL,1.Baja,3.TCP_fliares,1.Agro,0.03997657734238539
ISL,2.Media,3.TCP_fliares,1.Agro,1.4085326558100197
ISL,3.Alta,3.TCP_fliares,1.Agro,0.30924838531912063
ISL,1.Baja,1.Asalariado_patr,2.No_agro,5.635798314929349
ISL,2.Media,1.Asalariado_patr,2.No_agro,36.57978168562449
ISL,3.Alta,1.Asalariado_patr,2.No_agro,42.86756488295975
ISL,1.Baja,3.TCP_fliares,2.No_agro,0.14490609033350121
ISL,2.Media,3.TCP_fliares,2.No_agro,4.631303720148802
ISL,3.Alta,3.TCP_fliares,2.No_agro,5.597691009304693
ISR,1.Baja,1.Asalariado_patr,1.Agro,0.16553903306069362
ISR,2.Media,1.Asalariado_patr,1.Agro,0.5981822252476225
ISR,3.Alta,1.Asalariado_patr,1.Agro,0.1501551456593246
ISR,1.Baja,3.TCP_fliares,1.Agro,0.012573632966559133
ISR,2.Media,3.TCP_fliares,1.Agro,0.1601539243654522
ISR,3.Alta,3.TCP_fliares,1.Agro,0.045105635697318465
ISR,1.Baja,1.Asalariado_patr,2.No_agro,6.15306819092484
ISR,2.Media,1.Asalariado_patr,2.No_agro,39.75731685376833
ISR,3.Alta,1.Asalariado_patr,2.No_agro,44.264414889
ISR,1.Baja,3.TCP_fliares,2.No_agro,0.166458169432582
ISR,2.Media,3.TCP_fliares,2.No_agro,3.7911779465263185
ISR,3.Alta,3.TCP_fliares,2.No_agro,4.7358543533509545
ITA,1.Baja,1.Asalariado_patr,1.Agro,0.9267804291343416
ITA,2.Media,1.Asalariado_patr,1.Agro,0.9280582249846296
ITA,3.Alta,1.Asalariado_patr,1.Agro,0.04274505109336856
ITA,1.Baja,3.TCP_fliares,1.Agro,0.37687368648021363
ITA,2.Media,3.TCP_fliares,1.Agro,1.382147520402414
ITA,3.Alta,3.TCP_fliares,1.Agro,0.12228966585352201
ITA,1.Baja,1.Asalariado_patr,2.No_agro,8.95549311346158
ITA,2.Media,1.Asalariado_patr,2.No_agro,40.19134229192107
ITA,3.Alta,1.Asalariado_patr,2.No_agro,24.67263453615994
ITA,1.Baja,3.TCP_fliares,2.No_agro,0.608428917777497
ITA,2.Media,3.TCP_fliares,2.No_agro,10.000300885090336
ITA,3.Alta,3.TCP_fliares,2.No_agro,11.792905677641103
JAM,1.Baja,1.Asalariado_patr,1.Agro,0.3680745446944393
JAM,2.Media,1.Asalariado_patr,1.Agro,1.830001301347785
JAM,3.Alta,1.Asalariado_patr,1.Agro,0.013748327049065798
JAM,1.Baja,3.TCP_fliares,1.Agro,0.7964268414732258
JAM,2.Media,3.TCP_fliares,1.Agro,15.48991296118768
JAM,3.Alta,3.TCP_fliares,1.Agro,0.06324816348064799
JAM,1.Baja,1.Asalariado_patr,2.No_agro,10.501516836359105
JAM,2.Media,1.Asalariado_patr,2.No_agro,33.242708394723856
JAM,3.Alta,1.Asalariado_patr,2.No_agro,16.711427174667005
JAM,1.Baja,3.TCP_fliares,2.No_agro,1.2514767805241036
JAM,2.Media,3.TCP_fliares,2.No_agro,15.497249936888897
JAM,3.Alta,3.TCP_fliares,2.No_agro,4.234208737604194
JOR,1.Baja,1.Asalariado_patr,1.Agro,0.2689630706579907
JOR,2.Media,1.Asalariado_patr,1.Agro,2.711794098049852
JOR,3.Alta,1.Asalariado_patr,1.Agro,0.047626847706746696
JOR,1.Baja,3.TCP_fliares,1.Agro,0.018206595109483983
JOR,2.Media,3.TCP_fliares,1.Agro,0.43994287397445125
JOR,3.Alta,3.TCP_fliares,1.Agro,0.002278612218681506
JOR,1.Baja,1.Asalariado_patr,2.No_agro,9.397376629706411
JOR,2.Media,1.Asalariado_patr,2.No_agro,55.88185135840413
JOR,3.Alta,1.Asalariado_patr,2.No_agro,22.34276624451294
JOR,1.Baja,3.TCP_fliares,2.No_agro,0.5249896081226573
JOR,2.Media,3.TCP_fliares,2.No_agro,7.482011238885633
JOR,3.Alta,3.TCP_fliares,2.No_agro,0.8821928226510314
JPN,1.Baja,1.Asalariado_patr,1.Agro,0.020790549378406985
JPN,2.Media,1.Asalariado_patr,1.Agro,1.1913457933061502
JPN,3.Alta,1.Asalariado_patr,1.Agro,0.008244033038253785
JPN,1.Baja,3.TCP_fliares,1.Agro,0.06878327596006503
JPN,2.Media,3.TCP_fliares,1.Agro,2.3602849858425716
JPN,3.Alta,3.TCP_fliares,1.Agro,0.019094000910954756
JPN,1.Baja,1.Asalariado_patr,2.No_agro,12.841765072848197
JPN,2.Media,1.Asalariado_patr,2.No_agro,58.34403081415558
JPN,3.Alta,1.Asalariado_patr,2.No_agro,18.61380550143702
JPN,1.Baja,3.TCP_fliares,2.No_agro,1.3793569818038518
JPN,2.Media,3.TCP_fliares,2.No_agro,3.7528231940479286
JPN,3.Alta,3.TCP_fliares,2.No_agro,1.3996757972710137
KEN,1.Baja,1.Asalariado_patr,1.Agro,4.266986598745642
KEN,2.Media,1.Asalariado_patr,1.Agro,3.983753100139229
KEN,3.Alta,1.Asalariado_patr,1.Agro,0.19161622141296852
KEN,1.Baja,3.TCP_fliares,1.Agro,12.762520084805063
KEN,2.Media,3.TCP_fliares,1.Agro,12.263271452985343
KEN,3.Alta,3.TCP_fliares,1.Agro,0.22500935329130745
KEN,1.Baja,1.Asalariado_patr,2.No_agro,7.7770087179239615
KEN,2.Media,1.Asalariado_patr,2.No_agro,14.402361177055745
KEN,3.Alta,1.Asalariado_patr,2.No_agro,8.766529457842394
KEN,1.Baja,3.TCP_fliares,2.No_agro,10.560099176940032
KEN,2.Media,3.TCP_fliares,2.No_agro,20.127409219023576
KEN,3.Alta,3.TCP_fliares,2.No_agro,4.673435439834731
KGZ,1.Baja,1.Asalariado_patr,1.Agro,0.8027936469391751
KGZ,2.Media,1.Asalariado_patr,1.Agro,3.8147097098296108
KGZ,3.Alta,1.Asalariado_patr,1.Agro,0.06619402021210917
KGZ,1.Baja,3.TCP_fliares,1.Agro,1.2906452361860377
KGZ,2.Media,3.TCP_fliares,1.Agro,19.817807219276705
KGZ,3.Alta,3.TCP_fliares,1.Agro,0.03487389732327312
KGZ,1.Baja,1.Asalariado_patr,2.No_agro,10.209658696390607
KGZ,2.Media,1.Asalariado_patr,2.No_agro,29.774569010398228
KGZ,3.Alta,1.Asalariado_patr,2.No_agro,17.41658288309741
KGZ,1.Baja,3.TCP_fliares,2.No_agro,1.52712883330908
KGZ,2.Media,3.TCP_fliares,2.No_agro,14.391335091809903
KGZ,3.Alta,3.TCP_fliares,2.No_agro,0.8537017552278674
KHM,1.Baja,1.Asalariado_patr,1.Agro,5.527421258222118
KHM,2.Media,1.Asalariado_patr,1.Agro,1.7136633595199302
KHM,3.Alta,1.Asalariado_patr,1.Agro,0.0035298776774337097
KHM,1.Baja,3.TCP_fliares,1.Agro,2.44391617014855
KHM,2.Media,3.TCP_fliares,1.Agro,36.131252406613314
KHM,3.Alta,3.TCP_fliares,1.Agro,0.01390530313725592
KHM,1.Baja,1.Asalariado_patr,2.No_agro,5.780815661809165
KHM,2.Media,1.Asalariado_patr,2.No_agro,23.108787941922778
KHM,3.Alta,1.Asalariado_patr,2.No_agro,4.818868069422837
KHM,1.Baja,3.TCP_fliares,2.No_agro,0.10277592078881163
KHM,2.Media,3.TCP_fliares,2.No_agro,19.59174804680106
KHM,3.Alta,3.TCP_fliares,2.No_agro,0.7633159839367529
KIR,1.Baja,1.Asalariado_patr,1.Agro,5.520269415841926
KIR,2.Media,1.Asalariado_patr,1.Agro,4.044149210042056
KIR,3.Alta,1.Asalariado_patr,1.Agro,0.3608540617414384
KIR,1.Baja,3.TCP_fliares,1.Agro,6.760002179782365
KIR,2.Media,3.TCP_fliares,1.Agro,4.245175573058659
KIR,3.Alta,3.TCP_fliares,1.Agro,0.08237490845848605
KIR,1.Baja,1.Asalariado_patr,2.No_agro,5.3957177445018125
KIR,2.Media,1.Asalariado_patr,2.No_agro,32.89610845228434
KIR,3.Alta,1.Asalariado_patr,2.No_agro,22.709933189085664
KIR,1.Baja,3.TCP_fliares,2.No_agro,2.565428992578534
KIR,2.Media,3.TCP_fliares,2.No_agro,13.407173328175867
KIR,3.Alta,3.TCP_fliares,2.No_agro,2.012812944448852
KOR,1.Baja,1.Asalariado_patr,1.Agro,0.07230151881600898
KOR,2.Media,1.Asalariado_patr,1.Agro,0.5993809491856215
KOR,3.Alta,1.Asalariado_patr,1.Agro,0.01968206949385635
KOR,1.Baja,3.TCP_fliares,1.Agro,0.32754811063754247
KOR,2.Media,3.TCP_fliares,1.Agro,4.558669421135135
KOR,3.Alta,3.TCP_fliares,1.Agro,0.039548928859366984
KOR,1.Baja,1.Asalariado_patr,2.No_agro,9.104058629041914
KOR,2.Media,1.Asalariado_patr,2.No_agro,26.14029966957197
KOR,3.Alta,1.Asalariado_patr,2.No_agro,32.46502210455366
KOR,1.Baja,3.TCP_fliares,2.No_agro,3.603515991215076
KOR,2.Media,3.TCP_fliares,2.No_agro,17.370385476611578
KOR,3.Alta,3.TCP_fliares,2.No_agro,5.699587130878264
KOS,1.Baja,1.Asalariado_patr,1.Agro,0.255407703118719
KOS,2.Media,1.Asalariado_patr,1.Agro,0.38284425881035156
KOS,3.Alta,1.Asalariado_patr,1.Agro,0.050574079696948944
KOS,1.Baja,3.TCP_fliares,1.Agro,1.517646992521071
KOS,2.Media,3.TCP_fliares,1.Agro,2.7844358005550687
KOS,3.Alta,3.TCP_fliares,1.Agro,0.06238512156831406
KOS,1.Baja,1.Asalariado_patr,2.No_agro,13.968864711136568
KOS,2.Media,1.Asalariado_patr,2.No_agro,33.89920519348324
KOS,3.Alta,1.Asalariado_patr,2.No_agro,28.97924457913849
KOS,1.Baja,3.TCP_fliares,2.No_agro,4.1125528631264245
KOS,2.Media,3.TCP_fliares,2.No_agro,12.215695376934487
KOS,3.Alta,3.TCP_fliares,2.No_agro,1.7711433199103177
LAO,1.Baja,1.Asalariado_patr,1.Agro,0.011431511896641171
LAO,2.Media,1.Asalariado_patr,1.Agro,1.1008446951480642
LAO,3.Alta,1.Asalariado_patr,1.Agro,0.00840921210438613
LAO,1.Baja,3.TCP_fliares,1.Agro,0.801233357074045
LAO,2.Media,3.TCP_fliares,1.Agro,65.78874726817966
LAO,3.Alta,3.TCP_fliares,1.Agro,0.1462915979583133
LAO,1.Baja,1.Asalariado_patr,2.No_agro,2.5149896798299927
LAO,2.Media,1.Asalariado_patr,2.No_agro,7.299758334191913
LAO,3.Alta,1.Asalariado_patr,2.No_agro,7.710470434334804
LAO,1.Baja,3.TCP_fliares,2.No_agro,3.451052008025114
LAO,2.Media,3.TCP_fliares,2.No_agro,8.540710349522628
LAO,3.Alta,3.TCP_fliares,2.No_agro,2.6260615517344275
LBN,1.Baja,1.Asalariado_patr,1.Agro,0.7540300248507406
LBN,2.Media,1.Asalariado_patr,1.Agro,0.920689263698794
LBN,3.Alta,1.Asalariado_patr,1.Agro,0.06754247205775518
LBN,1.Baja,3.TCP_fliares,1.Agro,0.29772883490196245
LBN,2.Media,3.TCP_fliares,1.Agro,1.6667248032123223
LBN,3.Alta,3.TCP_fliares,1.Agro,0.03486980313440832
LBN,1.Baja,1.Asalariado_patr,2.No_agro,13.79618364480655
LBN,2.Media,1.Asalariado_patr,2.No_agro,38.17338080850933
LBN,3.Alta,1.Asalariado_patr,2.No_agro,26.0661024961568
LBN,1.Baja,3.TCP_fliares,2.No_agro,1.1279096197847212
LBN,2.Media,3.TCP_fliares,2.No_agro,14.308513573955894
LBN,3.Alta,3.TCP_fliares,2.No_agro,2.7863246549307203
LBR,1.Baja,1.Asalariado_patr,1.Agro,1.1242961491132548
LBR,2.Media,1.Asalariado_patr,1.Agro,5.658051371545366
LBR,3.Alta,1.Asalariado_patr,1.Agro,0.16865370771080465
LBR,1.Baja,3.TCP_fliares,1.Agro,6.907633602803483
LBR,2.Media,3.TCP_fliares,1.Agro,31.409511799477304
LBR,3.Alta,3.TCP_fliares,1.Agro,0.20210736796297035
LBR,1.Baja,1.Asalariado_patr,2.No_agro,2.029404975233762
LBR,2.Media,1.Asalariado_patr,2.No_agro,10.885763176242058
LBR,3.Alta,1.Asalariado_patr,2.No_agro,8.245842914347065
LBR,1.Baja,3.TCP_fliares,2.No_agro,5.026097451703432
LBR,2.Media,3.TCP_fliares,2.No_agro,24.359411704547178
LBR,3.Alta,3.TCP_fliares,2.No_agro,3.9832257793133237
LCA,1.Baja,1.Asalariado_patr,1.Agro,1.3536527524016844
LCA,2.Media,1.Asalariado_patr,1.Agro,2.915220775096712
LCA,3.Alta,1.Asalariado_patr,1.Agro,0
LCA,1.Baja,3.TCP_fliares,1.Agro,0.6429233409714536
LCA,2.Media,3.TCP_fliares,1.Agro,5.645389118812783
LCA,3.Alta,3.TCP_fliares,1.Agro,0
LCA,1.Baja,1.Asalariado_patr,2.No_agro,12.724157484119738
LCA,2.Media,1.Asalariado_patr,2.No_agro,41.45656600459302
LCA,3.Alta,1.Asalariado_patr,2.No_agro,20.35199430340278
LCA,1.Baja,3.TCP_fliares,2.No_agro,0.8867146844106774
LCA,2.Media,3.TCP_fliares,2.No_agro,11.779278755817833
LCA,3.Alta,3.TCP_fliares,2.No_agro,2.244102780373295
LKA,1.Baja,1.Asalariado_patr,1.Agro,5.978670286666855
LKA,2.Media,1.Asalariado_patr,1.Agro,2.7501824922342237
LKA,3.Alta,1.Asalariado_patr,1.Agro,0.11870750801255674
LKA,1.Baja,3.TCP_fliares,1.Agro,3.550780181977595
LKA,2.Media,3.TCP_fliares,1.Agro,15.456600613617676
LKA,3.Alta,3.TCP_fliares,1.Agro,0.3786444937779998
LKA,1.Baja,1.Asalariado_patr,2.No_agro,12.181900411788284
LKA,2.Media,1.Asalariado_patr,2.No_agro,24.478976801186043
LKA,3.Alta,1.Asalariado_patr,2.No_agro,13.911467332107973
LKA,1.Baja,3.TCP_fliares,2.No_agro,0.810513673843368
LKA,2.Media,3.TCP_fliares,2.No_agro,15.412456024420978
LKA,3.Alta,3.TCP_fliares,2.No_agro,4.971100180366453
LSO,1.Baja,1.Asalariado_patr,1.Agro,5.651811044150477
LSO,2.Media,1.Asalariado_patr,1.Agro,2.2861389529459513
LSO,3.Alta,1.Asalariado_patr,1.Agro,0.013268894645518746
LSO,1.Baja,3.TCP_fliares,1.Agro,1.059492876106205
LSO,2.Media,3.TCP_fliares,1.Agro,20.92248393124511
LSO,3.Alta,3.TCP_fliares,1.Agro,0.02812144740053346
LSO,1.Baja,1.Asalariado_patr,2.No_agro,20.401631388345617
LSO,2.Media,1.Asalariado_patr,2.No_agro,27.314977649018363
LSO,3.Alta,1.Asalariado_patr,2.No_agro,11.215345022384097
LSO,1.Baja,3.TCP_fliares,2.No_agro,0.15303031562941222
LSO,2.Media,3.TCP_fliares,2.No_agro,10.002616980818159
LSO,3.Alta,3.TCP_fliares,2.No_agro,0.9510814973105461
LTU,1.Baja,1.Asalariado_patr,1.Agro,0.768932228876597
LTU,2.Media,1.Asalariado_patr,1.Agro,2.5832364195680064
LTU,3.Alta,1.Asalariado_patr,1.Agro,0.26790355201121435
LTU,1.Baja,3.TCP_fliares,1.Agro,0.17549614786236345
LTU,2.Media,3.TCP_fliares,1.Agro,4.192337477607622
LTU,3.Alta,3.TCP_fliares,1.Agro,0.30744248343114705
LTU,1.Baja,1.Asalariado_patr,2.No_agro,7.535390952854037
LTU,2.Media,1.Asalariado_patr,2.No_agro,38.224781959207746
LTU,3.Alta,1.Asalariado_patr,2.No_agro,38.94717569422064
LTU,1.Baja,3.TCP_fliares,2.No_agro,0.11096498144753528
LTU,2.Media,3.TCP_fliares,2.No_agro,4.002558876107302
LTU,3.Alta,3.TCP_fliares,2.No_agro,2.883779226805775
LUX,1.Baja,1.Asalariado_patr,1.Agro,0.005036511108462235
LUX,2.Media,1.Asalariado_patr,1.Agro,0.271870662056663
LUX,3.Alta,1.Asalariado_patr,1.Agro,0.008951536601390529
LUX,1.Baja,3.TCP_fliares,1.Agro,0.008624422316112202
LUX,2.Media,3.TCP_fliares,1.Agro,0.8525049810470554
LUX,3.Alta,3.TCP_fliares,1.Agro,0.04890143225061676
LUX,1.Baja,1.Asalariado_patr,2.No_agro,8.271164564437385
LUX,2.Media,1.Asalariado_patr,2.No_agro,30.449698072118093
LUX,3.Alta,1.Asalariado_patr,2.No_agro,52.15288209776127
LUX,1.Baja,3.TCP_fliares,2.No_agro,0.28468001064824916
LUX,2.Media,3.TCP_fliares,2.No_agro,1.919144449411877
LUX,3.Alta,3.TCP_fliares,2.No_agro,5.726541260242832
LVA,1.Baja,1.Asalariado_patr,1.Agro,1.1083119440690734
LVA,2.Media,1.Asalariado_patr,1.Agro,2.6021088979432885
LVA,3.Alta,1.Asalariado_patr,1.Agro,0.40706083710239216
LVA,1.Baja,3.TCP_fliares,1.Agro,0.5562824695375369
LVA,2.Media,3.TCP_fliares,1.Agro,2.477996484258701
LVA,3.Alta,3.TCP_fliares,1.Agro,0.7172685807091274
LVA,1.Baja,1.Asalariado_patr,2.No_agro,10.972482434539659
LVA,2.Media,1.Asalariado_patr,2.No_agro,38.38805143352793
LVA,3.Alta,1.Asalariado_patr,2.No_agro,35.048169148820946
LVA,1.Baja,3.TCP_fliares,2.No_agro,0.40963347929305427
LVA,2.Media,3.TCP_fliares,2.No_agro,2.719120634999332
LVA,3.Alta,3.TCP_fliares,2.No_agro,4.593513655198965
MAR,1.Baja,1.Asalariado_patr,1.Agro,5.7078718196561935
MAR,2.Media,1.Asalariado_patr,1.Agro,2.7024866744328344
MAR,3.Alta,1.Asalariado_patr,1.Agro,0.12228380007636312
MAR,1.Baja,3.TCP_fliares,1.Agro,7.421300552118098
MAR,2.Media,3.TCP_fliares,1.Agro,8.41248243609448
MAR,3.Alta,3.TCP_fliares,1.Agro,0.03472949691898328
MAR,1.Baja,1.Asalariado_patr,2.No_agro,13.384339612757081
MAR,2.Media,1.Asalariado_patr,2.No_agro,29.88855889505112
MAR,3.Alta,1.Asalariado_patr,2.No_agro,9.492841618795056
MAR,1.Baja,3.TCP_fliares,2.No_agro,3.512060000278297
MAR,2.Media,3.TCP_fliares,2.No_agro,18.776937269151148
MAR,3.Alta,3.TCP_fliares,2.No_agro,0.5441078246703274
MDA,1.Baja,1.Asalariado_patr,1.Agro,1.7377723176923081
MDA,2.Media,1.Asalariado_patr,1.Agro,1.7997386414150123
MDA,3.Alta,1.Asalariado_patr,1.Agro,0.36841391002704715
MDA,1.Baja,3.TCP_fliares,1.Agro,6.394695703300776
MDA,2.Media,3.TCP_fliares,1.Agro,46.13338376314485
MDA,3.Alta,3.TCP_fliares,1.Agro,0.2008154186652248
MDA,1.Baja,1.Asalariado_patr,2.No_agro,5.219922312025383
MDA,2.Media,1.Asalariado_patr,2.No_agro,16.1922407324394
MDA,3.Alta,1.Asalariado_patr,2.No_agro,17.310562384243703
MDA,1.Baja,3.TCP_fliares,2.No_agro,0.2009756882634848
MDA,2.Media,3.TCP_fliares,2.No_agro,4.3427546862690924
MDA,3.Alta,3.TCP_fliares,2.No_agro,0.09872444251373014
MDG,1.Baja,1.Asalariado_patr,1.Agro,2.064314503035386
MDG,2.Media,1.Asalariado_patr,1.Agro,1.7783445742048334
MDG,3.Alta,1.Asalariado_patr,1.Agro,0.04094011400268945
MDG,1.Baja,3.TCP_fliares,1.Agro,38.92649620791584
MDG,2.Media,3.TCP_fliares,1.Agro,31.533279587083825
MDG,3.Alta,3.TCP_fliares,1.Agro,0.04010453389347266
MDG,1.Baja,1.Asalariado_patr,2.No_agro,1.3902947515058106
MDG,2.Media,1.Asalariado_patr,2.No_agro,4.994094144235728
MDG,3.Alta,1.Asalariado_patr,2.No_agro,3.264575103498317
MDG,1.Baja,3.TCP_fliares,2.No_agro,3.548519930628288
MDG,2.Media,3.TCP_fliares,2.No_agro,11.986181982379543
MDG,3.Alta,3.TCP_fliares,2.No_agro,0.4328545676162664
MDV,1.Baja,1.Asalariado_patr,1.Agro,0.19612196085294875
MDV,2.Media,1.Asalariado_patr,1.Agro,2.486131216225103
MDV,3.Alta,1.Asalariado_patr,1.Agro,0.13634827815637487
MDV,1.Baja,3.TCP_fliares,1.Agro,0.15399803204443038
MDV,2.Media,3.TCP_fliares,1.Agro,7.940505355082704
MDV,3.Alta,3.TCP_fliares,1.Agro,0.14601358294816982
MDV,1.Baja,1.Asalariado_patr,2.No_agro,10.620853183620003
MDV,2.Media,1.Asalariado_patr,2.No_agro,31.820696704001104
MDV,3.Alta,1.Asalariado_patr,2.No_agro,30.81363218942453
MDV,1.Baja,3.TCP_fliares,2.No_agro,0.9149687541100582
MDV,2.Media,3.TCP_fliares,2.No_agro,11.150432013572763
MDV,3.Alta,3.TCP_fliares,2.No_agro,3.6202987299618123
MEX,1.Baja,1.Asalariado_patr,1.Agro,4.390379887712864
MEX,2.Media,1.Asalariado_patr,1.Agro,2.041023323797779
MEX,3.Alta,1.Asalariado_patr,1.Agro,0.14382872181748835
MEX,1.Baja,3.TCP_fliares,1.Agro,3.425270103828335
MEX,2.Media,3.TCP_fliares,1.Agro,3.6928569135668625
MEX,3.Alta,3.TCP_fliares,1.Agro,0.10166191686535833
MEX,1.Baja,1.Asalariado_patr,2.No_agro,10.296679925366442
MEX,2.Media,1.Asalariado_patr,2.No_agro,39.89849820357831
MEX,3.Alta,1.Asalariado_patr,2.No_agro,15.783782552603483
MEX,1.Baja,3.TCP_fliares,2.No_agro,1.7780981347296594
MEX,2.Media,3.TCP_fliares,2.No_agro,15.978531072025405
MEX,3.Alta,3.TCP_fliares,2.No_agro,2.469389244108018
MHL,1.Baja,1.Asalariado_patr,1.Agro,0.4752715964194543
MHL,2.Media,1.Asalariado_patr,1.Agro,2.2863181191196764
MHL,3.Alta,1.Asalariado_patr,1.Agro,0.4141400707719506
MHL,1.Baja,3.TCP_fliares,1.Agro,1.1429113447206856
MHL,2.Media,3.TCP_fliares,1.Agro,2.148244292096432
MHL,3.Alta,3.TCP_fliares,1.Agro,0.03672769527091272
MHL,1.Baja,1.Asalariado_patr,2.No_agro,9.344892047896767
MHL,2.Media,1.Asalariado_patr,2.No_agro,40.180549043427035
MHL,3.Alta,1.Asalariado_patr,2.No_agro,33.463696542197084
MHL,1.Baja,3.TCP_fliares,2.No_agro,3.736449438113982
MHL,2.Media,3.TCP_fliares,2.No_agro,6.277359671291019
MHL,3.Alta,3.TCP_fliares,2.No_agro,0.49344013867500247
MKD,1.Baja,1.Asalariado_patr,1.Agro,1.478827324927795
MKD,2.Media,1.Asalariado_patr,1.Agro,0.7817126581191612
MKD,3.Alta,1.Asalariado_patr,1.Agro,0.12200618475301644
MKD,1.Baja,3.TCP_fliares,1.Agro,10.890000634653104
MKD,2.Media,3.TCP_fliares,1.Agro,3.4962224415413448
MKD,3.Alta,3.TCP_fliares,1.Agro,0.2611853417475411
MKD,1.Baja,1.Asalariado_patr,2.No_agro,6.186332644444132
MKD,2.Media,1.Asalariado_patr,2.No_agro,43.75716767869444
MKD,3.Alta,1.Asalariado_patr,2.No_agro,26.83518205505595
MKD,1.Baja,3.TCP_fliares,2.No_agro,0.9442416230430692
MKD,2.Media,3.TCP_fliares,2.No_agro,4.056397891605403
MKD,3.Alta,3.TCP_fliares,2.No_agro,1.1907235214150504
MLI,1.Baja,1.Asalariado_patr,1.Agro,0.028944431792319997
MLI,2.Media,1.Asalariado_patr,1.Agro,4.0834081052770514
MLI,3.Alta,1.Asalariado_patr,1.Agro,0.026133838337267238
MLI,1.Baja,3.TCP_fliares,1.Agro,0.07109745147231294
MLI,2.Media,3.TCP_fliares,1.Agro,61.844068011382866
MLI,3.Alta,3.TCP_fliares,1.Agro,0.023733513102163123
MLI,1.Baja,1.Asalariado_patr,2.No_agro,1.3407083278737082
MLI,2.Media,1.Asalariado_patr,2.No_agro,6.605491200507938
MLI,3.Alta,1.Asalariado_patr,2.No_agro,3.220419541434644
MLI,1.Baja,3.TCP_fliares,2.No_agro,0.7052640283386021
MLI,2.Media,3.TCP_fliares,2.No_agro,21.4244066143748
MLI,3.Alta,3.TCP_fliares,2.No_agro,0.6263249361063178
MLT,1.Baja,1.Asalariado_patr,1.Agro,0.04720225439864968
MLT,2.Media,1.Asalariado_patr,1.Agro,0.34976668317649595
MLT,3.Alta,1.Asalariado_patr,1.Agro,0.06183211053154846
MLT,1.Baja,3.TCP_fliares,1.Agro,0.025251797264853014
MLT,2.Media,3.TCP_fliares,1.Agro,0.6108611264763598
MLT,3.Alta,3.TCP_fliares,1.Agro,0.08147635788860033
MLT,1.Baja,1.Asalariado_patr,2.No_agro,8.885831166974114
MLT,2.Media,1.Asalariado_patr,2.No_agro,40.49091702878408
MLT,3.Alta,1.Asalariado_patr,2.No_agro,35.81560802884131
MLT,1.Baja,3.TCP_fliares,2.No_agro,0.5282555003041761
MLT,2.Media,3.TCP_fliares,2.No_agro,7.858471463724692
MLT,3.Alta,3.TCP_fliares,2.No_agro,5.244526481635129
MMR,1.Baja,1.Asalariado_patr,1.Agro,7.282621187584529
MMR,2.Media,1.Asalariado_patr,1.Agro,6.6147247614763796
MMR,3.Alta,1.Asalariado_patr,1.Agro,0.05098209373589311
MMR,1.Baja,3.TCP_fliares,1.Agro,4.43958808377664
MMR,2.Media,3.TCP_fliares,1.Agro,32.93490851800156
MMR,3.Alta,3.TCP_fliares,1.Agro,0.0523992016935888
MMR,1.Baja,1.Asalariado_patr,2.No_agro,6.61614605295635
MMR,2.Media,1.Asalariado_patr,2.No_agro,14.972430139144098
MMR,3.Alta,1.Asalariado_patr,2.No_agro,4.068206164778964
MMR,1.Baja,3.TCP_fliares,2.No_agro,1.1193043335790804
MMR,2.Media,3.TCP_fliares,2.No_agro,20.6883151628284
MMR,3.Alta,3.TCP_fliares,2.No_agro,1.160374300444515
MNE,1.Baja,1.Asalariado_patr,1.Agro,0.19995880293434587
MNE,2.Media,1.Asalariado_patr,1.Agro,0.874114807502465
MNE,3.Alta,1.Asalariado_patr,1.Agro,0.05064650924050194
MNE,1.Baja,3.TCP_fliares,1.Agro,0.7161218895890401
MNE,2.Media,3.TCP_fliares,1.Agro,4.658992201011457
MNE,3.Alta,3.TCP_fliares,1.Agro,0.26306719580545485
MNE,1.Baja,1.Asalariado_patr,2.No_agro,5.296070383879721
MNE,2.Media,1.Asalariado_patr,2.No_agro,37.8562688058263
MNE,3.Alta,1.Asalariado_patr,2.No_agro,28.508922074323124
MNE,1.Baja,3.TCP_fliares,2.No_agro,1.1095671924921724
MNE,2.Media,3.TCP_fliares,2.No_agro,11.803607267327717
MNE,3.Alta,3.TCP_fliares,2.No_agro,8.662662870067688
MNG,1.Baja,1.Asalariado_patr,1.Agro,0.02751317665510621
MNG,2.Media,1.Asalariado_patr,1.Agro,0.9597516134018312
MNG,3.Alta,1.Asalariado_patr,1.Agro,0.06724976581299259
MNG,1.Baja,3.TCP_fliares,1.Agro,0.15568605199687188
MNG,2.Media,3.TCP_fliares,1.Agro,29.96270909106833
MNG,3.Alta,3.TCP_fliares,1.Agro,0.17095729811528537
MNG,1.Baja,1.Asalariado_patr,2.No_agro,5.966971929402568
MNG,2.Media,1.Asalariado_patr,2.No_agro,20.224085922006207
MNG,3.Alta,1.Asalariado_patr,2.No_agro,22.574064568993837
MNG,1.Baja,3.TCP_fliares,2.No_agro,0.929529508728077
MNG,2.Media,3.TCP_fliares,2.No_agro,17.381663830633695
MNG,3.Alta,3.TCP_fliares,2.No_agro,1.5798172431852027
MOZ,1.Baja,1.Asalariado_patr,1.Agro,0.16257575439415303
MOZ,2.Media,1.Asalariado_patr,1.Agro,2.670968066462753
MOZ,3.Alta,1.Asalariado_patr,1.Agro,0.017398775132405443
MOZ,1.Baja,3.TCP_fliares,1.Agro,0.6293104899359017
MOZ,2.Media,3.TCP_fliares,1.Agro,68.70312091982743
MOZ,3.Alta,3.TCP_fliares,1.Agro,0.021895858168649557
MOZ,1.Baja,1.Asalariado_patr,2.No_agro,2.8609571040276265
MOZ,2.Media,1.Asalariado_patr,2.No_agro,7.876038099344019
MOZ,3.Alta,1.Asalariado_patr,2.No_agro,3.541399728716964
MOZ,1.Baja,3.TCP_fliares,2.No_agro,0.6862525183157816
MOZ,2.Media,3.TCP_fliares,2.No_agro,12.553909405879976
MOZ,3.Alta,3.TCP_fliares,2.No_agro,0.2761732797943255
MUS,1.Baja,1.Asalariado_patr,1.Agro,2.6386853126901175
MUS,2.Media,1.Asalariado_patr,1.Agro,1.611838147686287
MUS,3.Alta,1.Asalariado_patr,1.Agro,0.14663791078076255
MUS,1.Baja,3.TCP_fliares,1.Agro,0.6082905787315372
MUS,2.Media,3.TCP_fliares,1.Agro,2.292411553706302
MUS,3.Alta,3.TCP_fliares,1.Agro,0.04418351792047646
MUS,1.Baja,1.Asalariado_patr,2.No_agro,13.046705055515483
MUS,2.Media,1.Asalariado_patr,2.No_agro,45.099847410274684
MUS,3.Alta,1.Asalariado_patr,2.No_agro,21.064924435507002
MUS,1.Baja,3.TCP_fliares,2.No_agro,0.5502520480004266
MUS,2.Media,3.TCP_fliares,2.No_agro,11.735012696415692
MUS,3.Alta,3.TCP_fliares,2.No_agro,1.1612113327712217
MWI,1.Baja,1.Asalariado_patr,1.Agro,14.459404574083624
MWI,2.Media,1.Asalariado_patr,1.Agro,9.305178388974179
MWI,3.Alta,1.Asalariado_patr,1.Agro,0.08562918389608544
MWI,1.Baja,3.TCP_fliares,1.Agro,3.7619165107471004
MWI,2.Media,3.TCP_fliares,1.Agro,38.43044861151526
MWI,3.Alta,3.TCP_fliares,1.Agro,0.015809996501925612
MWI,1.Baja,1.Asalariado_patr,2.No_agro,2.94670518431784
MWI,2.Media,1.Asalariado_patr,2.No_agro,8.447028771568162
MWI,3.Alta,1.Asalariado_patr,2.No_agro,3.365850724609389
MWI,1.Baja,3.TCP_fliares,2.No_agro,0.40540579668772236
MWI,2.Media,3.TCP_fliares,2.No_agro,18.447998207160573
MWI,3.Alta,3.TCP_fliares,2.No_agro,0.3286240499381414
NAM,1.Baja,1.Asalariado_patr,1.Agro,2.572445941810037
NAM,2.Media,1.Asalariado_patr,1.Agro,6.597803016077319
NAM,3.Alta,1.Asalariado_patr,1.Agro,0.33900161321483807
NAM,1.Baja,3.TCP_fliares,1.Agro,2.88432928672673
NAM,2.Media,3.TCP_fliares,1.Agro,14.567770960893336
NAM,3.Alta,3.TCP_fliares,1.Agro,0.17422004259122212
NAM,1.Baja,1.Asalariado_patr,2.No_agro,14.317891651253843
NAM,2.Media,1.Asalariado_patr,2.No_agro,29.313340308690073
NAM,3.Alta,1.Asalariado_patr,2.No_agro,15.575342468769795
NAM,1.Baja,3.TCP_fliares,2.No_agro,2.4696669330445697
NAM,2.Media,3.TCP_fliares,2.No_agro,9.956800426207282
NAM,3.Alta,3.TCP_fliares,2.No_agro,1.2313873507209598
NER,1.Baja,1.Asalariado_patr,1.Agro,0.18508157393058788
NER,2.Media,1.Asalariado_patr,1.Agro,3.712030362300462
NER,3.Alta,1.Asalariado_patr,1.Agro,0.08039527791959954
NER,1.Baja,3.TCP_fliares,1.Agro,0.4715351572979154
NER,2.Media,3.TCP_fliares,1.Agro,63.19266687389038
NER,3.Alta,3.TCP_fliares,1.Agro,0.19050952831138673
NER,1.Baja,1.Asalariado_patr,2.No_agro,2.5209280558855887
NER,2.Media,1.Asalariado_patr,2.No_agro,5.207854466057104
NER,3.Alta,1.Asalariado_patr,2.No_agro,3.29256836510839
NER,1.Baja,3.TCP_fliares,2.No_agro,1.3201056718506856
NER,2.Media,3.TCP_fliares,2.No_agro,18.222642453521438
NER,3.Alta,3.TCP_fliares,2.No_agro,1.603682213926461
NIC,1.Baja,1.Asalariado_patr,1.Agro,9.021690124960717
NIC,2.Media,1.Asalariado_patr,1.Agro,4.37038167454986
NIC,3.Alta,1.Asalariado_patr,1.Agro,0.6447423377364794
NIC,1.Baja,3.TCP_fliares,1.Agro,8.615304003623594
NIC,2.Media,3.TCP_fliares,1.Agro,8.874351947250169
NIC,3.Alta,3.TCP_fliares,1.Agro,0.1400583616949887
NIC,1.Baja,1.Asalariado_patr,2.No_agro,11.616305944892256
NIC,2.Media,1.Asalariado_patr,2.No_agro,17.62749313500477
NIC,3.Alta,1.Asalariado_patr,2.No_agro,11.044840187324306
NIC,1.Baja,3.TCP_fliares,2.No_agro,6.312172164720392
NIC,2.Media,3.TCP_fliares,2.No_agro,20.367415787317547
NIC,3.Alta,3.TCP_fliares,2.No_agro,1.3652443309249238
NIU,1.Baja,1.Asalariado_patr,1.Agro,2.0452027195368254
NIU,2.Media,1.Asalariado_patr,1.Agro,3.408722377918423
NIU,3.Alta,1.Asalariado_patr,1.Agro,1.866665876750085
NIU,1.Baja,3.TCP_fliares,1.Agro,0.37415211917285224
NIU,2.Media,3.TCP_fliares,1.Agro,0.7579442887482435
NIU,3.Alta,3.TCP_fliares,1.Agro,0.4182803598090548
NIU,1.Baja,1.Asalariado_patr,2.No_agro,5.275868958703508
NIU,2.Media,1.Asalariado_patr,2.No_agro,39.514578347121514
NIU,3.Alta,1.Asalariado_patr,2.No_agro,39.24297485536109
NIU,1.Baja,3.TCP_fliares,2.No_agro,0.36929233161907155
NIU,2.Media,3.TCP_fliares,2.No_agro,3.3617657388999875
NIU,3.Alta,3.TCP_fliares,2.No_agro,3.3645520263593394
NLD,1.Baja,1.Asalariado_patr,1.Agro,0.1756099559473736
NLD,2.Media,1.Asalariado_patr,1.Agro,0.729728772456936
NLD,3.Alta,1.Asalariado_patr,1.Agro,0.15872112159179674
NLD,1.Baja,3.TCP_fliares,1.Agro,0.07407859003681429
NLD,2.Media,3.TCP_fliares,1.Agro,0.9478599523137062
NLD,3.Alta,3.TCP_fliares,1.Agro,0.32132609154769737
NLD,1.Baja,1.Asalariado_patr,2.No_agro,7.7494159763048405
NLD,2.Media,1.Asalariado_patr,2.No_agro,36.40902554529611
NLD,3.Alta,1.Asalariado_patr,2.No_agro,39.3023583629265
NLD,1.Baja,3.TCP_fliares,2.No_agro,0.35501121664394436
NLD,2.Media,3.TCP_fliares,2.No_agro,5.135955912526579
NLD,3.Alta,3.TCP_fliares,2.No_agro,8.640908502407697
NOR,1.Baja,1.Asalariado_patr,1.Agro,0.03741838845993107
NOR,2.Media,1.Asalariado_patr,1.Agro,0.8783252290200119
NOR,3.Alta,1.Asalariado_patr,1.Agro,0.07873818946761178
NOR,1.Baja,3.TCP_fliares,1.Agro,0.019710576191490994
NOR,2.Media,3.TCP_fliares,1.Agro,1.1701425200867068
NOR,3.Alta,3.TCP_fliares,1.Agro,0.10343740310112697
NOR,1.Baja,1.Asalariado_patr,2.No_agro,3.703392296457008
NOR,2.Media,1.Asalariado_patr,2.No_agro,41.59070975217803
NOR,3.Alta,1.Asalariado_patr,2.No_agro,46.69199044092796
NOR,1.Baja,3.TCP_fliares,2.No_agro,0.09410887332486433
NOR,2.Media,3.TCP_fliares,2.No_agro,2.6729839402615427
NOR,3.Alta,3.TCP_fliares,2.No_agro,2.959042390523732
NPL,1.Baja,1.Asalariado_patr,1.Agro,5.452687789370787
NPL,2.Media,1.Asalariado_patr,1.Agro,4.380838519896297
NPL,3.Alta,1.Asalariado_patr,1.Agro,0.10484756198791695
NPL,1.Baja,3.TCP_fliares,1.Agro,1.729821344125916
NPL,2.Media,3.TCP_fliares,1.Agro,13.813821763920688
NPL,3.Alta,3.TCP_fliares,1.Agro,0.029161910871097322
NPL,1.Baja,1.Asalariado_patr,2.No_agro,11.368097365227033
NPL,2.Media,1.Asalariado_patr,2.No_agro,26.570968186412298
NPL,3.Alta,1.Asalariado_patr,2.No_agro,12.227484936035996
NPL,1.Baja,3.TCP_fliares,2.No_agro,0.9661296357564793
NPL,2.Media,3.TCP_fliares,2.No_agro,22.445070919840518
NPL,3.Alta,3.TCP_fliares,2.No_agro,0.9110700665549798
NRU,1.Baja,1.Asalariado_patr,1.Agro,0
NRU,2.Media,1.Asalariado_patr,1.Agro,0.9397323766622263
NRU,3.Alta,1.Asalariado_patr,1.Agro,0.49655172413793097
NRU,1.Baja,3.TCP_fliares,1.Agro,0
NRU,2.Media,3.TCP_fliares,1.Agro,1.1016469336826007
NRU,3.Alta,3.TCP_fliares,1.Agro,0
NRU,1.Baja,1.Asalariado_patr,2.No_agro,19.064447551784315
NRU,2.Media,1.Asalariado_patr,2.No_agro,50.48614615295635
NRU,3.Alta,1.Asalariado_patr,2.No_agro,23.117241379310343
NRU,1.Baja,3.TCP_fliares,2.No_agro,1.7079662413191314
NRU,2.Media,3.TCP_fliares,2.No_agro,3.0862676401470894
NRU,3.Alta,3.TCP_fliares,2.No_agro,0
PAK,1.Baja,1.Asalariado_patr,1.Agro,3.0195145533361814
PAK,2.Media,1.Asalariado_patr,1.Agro,2.2504084417859835
PAK,3.Alta,1.Asalariado_patr,1.Agro,0.009985616945831296
PAK,1.Baja,3.TCP_fliares,1.Agro,1.6740088427061597
PAK,2.Media,3.TCP_fliares,1.Agro,34.11646090241312
PAK,3.Alta,3.TCP_fliares,1.Agro,0.08729358830245877
PAK,1.Baja,1.Asalariado_patr,2.No_agro,11.417273093896313
PAK,2.Media,1.Asalariado_patr,2.No_agro,17.44415340349891
PAK,3.Alta,1.Asalariado_patr,2.No_agro,8.418713058502219
PAK,1.Baja,3.TCP_fliares,2.No_agro,0.39631152730464336
PAK,2.Media,3.TCP_fliares,2.No_agro,16.55793664843692
PAK,3.Alta,3.TCP_fliares,2.No_agro,4.607940322871251
PAN,1.Baja,1.Asalariado_patr,1.Agro,1.8504506021226
PAN,2.Media,1.Asalariado_patr,1.Agro,2.942336223078339
PAN,3.Alta,1.Asalariado_patr,1.Agro,0.18733863667857462
PAN,1.Baja,3.TCP_fliares,1.Agro,1.4569704095249225
PAN,2.Media,3.TCP_fliares,1.Agro,9.689762372528076
PAN,3.Alta,3.TCP_fliares,1.Agro,0.0794223794933779
PAN,1.Baja,1.Asalariado_patr,2.No_agro,13.865910371035461
PAN,2.Media,1.Asalariado_patr,2.No_agro,27.17863086239313
PAN,3.Alta,1.Asalariado_patr,2.No_agro,22.012965005440844
PAN,1.Baja,3.TCP_fliares,2.No_agro,2.0626538203363864
PAN,2.Media,3.TCP_fliares,2.No_agro,16.910370577773573
PAN,3.Alta,3.TCP_fliares,2.No_agro,1.7631887395947052
PER,1.Baja,1.Asalariado_patr,1.Agro,4.031415507036601
PER,2.Media,1.Asalariado_patr,1.Agro,2.1998133511758504
PER,3.Alta,1.Asalariado_patr,1.Agro,0.06817871305403266
PER,1.Baja,3.TCP_fliares,1.Agro,10.352874045171294
PER,2.Media,3.TCP_fliares,1.Agro,10.020004390658716
PER,3.Alta,3.TCP_fliares,1.Agro,0.04175138037199774
PER,1.Baja,1.Asalariado_patr,2.No_agro,12.377677251041565
PER,2.Media,1.Asalariado_patr,2.No_agro,19.721395631847756
PER,3.Alta,1.Asalariado_patr,2.No_agro,12.598726055936684
PER,1.Baja,3.TCP_fliares,2.No_agro,7.026271349543382
PER,2.Media,3.TCP_fliares,2.No_agro,19.85647344030634
PER,3.Alta,3.TCP_fliares,2.No_agro,1.7054188838557887
PHL,1.Baja,1.Asalariado_patr,1.Agro,6.881317305950185
PHL,2.Media,1.Asalariado_patr,1.Agro,3.7173717260585684
PHL,3.Alta,1.Asalariado_patr,1.Agro,0.07303256662110172
PHL,1.Baja,3.TCP_fliares,1.Agro,7.1479908292496015
PHL,2.Media,3.TCP_fliares,1.Agro,9.405161187106987
PHL,3.Alta,3.TCP_fliares,1.Agro,0.6353404939164404
PHL,1.Baja,1.Asalariado_patr,2.No_agro,14.180377713090017
PHL,2.Media,1.Asalariado_patr,2.No_agro,26.497331614378826
PHL,3.Alta,1.Asalariado_patr,2.No_agro,11.973025230038527
PHL,1.Baja,3.TCP_fliares,2.No_agro,1.5439960784140325
PHL,2.Media,3.TCP_fliares,2.No_agro,7.027136407812463
PHL,3.Alta,3.TCP_fliares,2.No_agro,10.917918847363248
PLW,1.Baja,1.Asalariado_patr,1.Agro,0
PLW,2.Media,1.Asalariado_patr,1.Agro,1.1899173385039292
PLW,3.Alta,1.Asalariado_patr,1.Agro,0
PLW,1.Baja,3.TCP_fliares,1.Agro,0
PLW,2.Media,3.TCP_fliares,1.Agro,1.2740529078930958
PLW,3.Alta,3.TCP_fliares,1.Agro,0
PLW,1.Baja,1.Asalariado_patr,2.No_agro,13.002930584979454
PLW,2.Media,1.Asalariado_patr,2.No_agro,50.89704035216283
PLW,3.Alta,1.Asalariado_patr,2.No_agro,28.850435255622358
PLW,1.Baja,3.TCP_fliares,2.No_agro,1.5600633713199428
PLW,2.Media,3.TCP_fliares,2.No_agro,1.9737174349129394
PLW,3.Alta,3.TCP_fliares,2.No_agro,1.2518427546054447
PRI,1.Baja,1.Asalariado_patr,1.Agro,0
PRI,2.Media,1.Asalariado_patr,1.Agro,0.7463859742545467
PRI,3.Alta,1.Asalariado_patr,1.Agro,0.25244132704305433
PRI,1.Baja,3.TCP_fliares,1.Agro,0
PRI,2.Media,3.TCP_fliares,1.Agro,0.2568542344751784
PRI,3.Alta,3.TCP_fliares,1.Agro,0.09333792431802168
PRI,1.Baja,1.Asalariado_patr,2.No_agro,2.576899319265026
PRI,2.Media,1.Asalariado_patr,2.No_agro,55.05012686401148
PRI,3.Alta,1.Asalariado_patr,2.No_agro,29.617715705681476
PRI,1.Baja,3.TCP_fliares,2.No_agro,0.64352906647052
PRI,2.Media,3.TCP_fliares,2.No_agro,6.820245948376674
PRI,3.Alta,3.TCP_fliares,2.No_agro,3.9424636361040353
PRT,1.Baja,1.Asalariado_patr,1.Agro,0.22245440566245178
PRT,2.Media,1.Asalariado_patr,1.Agro,1.5026343870939838
PRT,3.Alta,1.Asalariado_patr,1.Agro,0.027363890159544536
PRT,1.Baja,3.TCP_fliares,1.Agro,0.23267965804568638
PRT,2.Media,3.TCP_fliares,1.Agro,6.527383579735124
PRT,3.Alta,3.TCP_fliares,1.Agro,0.19068973904837075
PRT,1.Baja,1.Asalariado_patr,2.No_agro,10.338051121700774
PRT,2.Media,1.Asalariado_patr,2.No_agro,41.69917692616393
PRT,3.Alta,1.Asalariado_patr,2.No_agro,26.199039182122796
PRT,1.Baja,3.TCP_fliares,2.No_agro,0.37708206360836083
PRT,2.Media,3.TCP_fliares,2.No_agro,6.316741262297976
PRT,3.Alta,3.TCP_fliares,2.No_agro,6.3667037843610075
PRY,1.Baja,1.Asalariado_patr,1.Agro,1.0654826315509116
PRY,2.Media,1.Asalariado_patr,1.Agro,2.9060826750723496
PRY,3.Alta,1.Asalariado_patr,1.Agro,0.09136618628684641
PRY,1.Baja,3.TCP_fliares,1.Agro,2.1977525570950944
PRY,2.Media,3.TCP_fliares,1.Agro,15.893921092076326
PRY,3.Alta,3.TCP_fliares,1.Agro,0.1057088159529167
PRY,1.Baja,1.Asalariado_patr,2.No_agro,13.426121747813838
PRY,2.Media,1.Asalariado_patr,2.No_agro,27.483948403922042
PRY,3.Alta,1.Asalariado_patr,2.No_agro,15.477782354005061
PRY,1.Baja,3.TCP_fliares,2.No_agro,3.0181976213916033
PRY,2.Media,3.TCP_fliares,2.No_agro,16.381998576358143
PRY,3.Alta,3.TCP_fliares,2.No_agro,1.9516373384748675
PSE,1.Baja,1.Asalariado_patr,1.Agro,1.9424582147495848
PSE,2.Media,1.Asalariado_patr,1.Agro,1.2526878146594878
PSE,3.Alta,1.Asalariado_patr,1.Agro,0.08515657361592407
PSE,1.Baja,3.TCP_fliares,1.Agro,1.1928840504498863
PSE,2.Media,3.TCP_fliares,1.Agro,5.043666314378132
PSE,3.Alta,3.TCP_fliares,1.Agro,0.03728730091090019
PSE,1.Baja,1.Asalariado_patr,2.No_agro,14.041179370215508
PSE,2.Media,1.Asalariado_patr,2.No_agro,33.708606317429314
PSE,3.Alta,1.Asalariado_patr,2.No_agro,23.75749285735252
PSE,1.Baja,3.TCP_fliares,2.No_agro,1.0553080232148733
PSE,2.Media,3.TCP_fliares,2.No_agro,16.610143953777264
PSE,3.Alta,3.TCP_fliares,2.No_agro,1.2731292092465998
ROU,1.Baja,1.Asalariado_patr,1.Agro,0.20258341547506997
ROU,2.Media,1.Asalariado_patr,1.Agro,1.7925612744202921
ROU,3.Alta,1.Asalariado_patr,1.Agro,0.071512946204572
ROU,1.Baja,3.TCP_fliares,1.Agro,3.513003139358373
ROU,2.Media,3.TCP_fliares,1.Agro,20.77596843782199
ROU,3.Alta,3.TCP_fliares,1.Agro,0.39499104015165165
ROU,1.Baja,1.Asalariado_patr,2.No_agro,5.722165191215685
ROU,2.Media,1.Asalariado_patr,2.No_agro,40.6815956722642
ROU,3.Alta,1.Asalariado_patr,2.No_agro,21.260574123075624
ROU,1.Baja,3.TCP_fliares,2.No_agro,0.8053251156774206
ROU,2.Media,3.TCP_fliares,2.No_agro,3.8266738584429163
ROU,3.Alta,3.TCP_fliares,2.No_agro,0.9530457858922056
RUS,1.Baja,1.Asalariado_patr,1.Agro,1.0089229691624186
RUS,2.Media,1.Asalariado_patr,1.Agro,2.766031336182446
RUS,3.Alta,1.Asalariado_patr,1.Agro,0.7656082704513668
RUS,1.Baja,3.TCP_fliares,1.Agro,0.14608327968985854
RUS,2.Media,3.TCP_fliares,1.Agro,2.1674412656878315
RUS,3.Alta,3.TCP_fliares,1.Agro,0.2301739480136427
RUS,1.Baja,1.Asalariado_patr,2.No_agro,8.518939247747676
RUS,2.Media,1.Asalariado_patr,2.No_agro,38.944630242825305
RUS,3.Alta,1.Asalariado_patr,2.No_agro,42.18433418477438
RUS,1.Baja,3.TCP_fliares,2.No_agro,0.09071660316792951
RUS,2.Media,3.TCP_fliares,2.No_agro,2.2443810030686002
RUS,3.Alta,3.TCP_fliares,2.No_agro,0.9327376492285362
RWA,1.Baja,1.Asalariado_patr,1.Agro,19.596274455594067
RWA,2.Media,1.Asalariado_patr,1.Agro,3.4073505126112122
RWA,3.Alta,1.Asalariado_patr,1.Agro,0.07460298939966063
RWA,1.Baja,3.TCP_fliares,1.Agro,2.2249393745106913
RWA,2.Media,3.TCP_fliares,1.Agro,30.7434804304704
RWA,3.Alta,3.TCP_fliares,1.Agro,0.021662908627672516
RWA,1.Baja,1.Asalariado_patr,2.No_agro,15.123529282738364
RWA,2.Media,1.Asalariado_patr,2.No_agro,5.979735332367759
RWA,3.Alta,1.Asalariado_patr,2.No_agro,5.3445307344463755
RWA,1.Baja,3.TCP_fliares,2.No_agro,0.5246507215114081
RWA,2.Media,3.TCP_fliares,2.No_agro,16.485063979869338
RWA,3.Alta,3.TCP_fliares,2.No_agro,0.4741792778530594
SEN,1.Baja,1.Asalariado_patr,1.Agro,0.2565015754342645
SEN,2.Media,1.Asalariado_patr,1.Agro,2.401432362149919
SEN,3.Alta,1.Asalariado_patr,1.Agro,0.10306392220540035
SEN,1.Baja,3.TCP_fliares,1.Agro,4.0948060504486445
SEN,2.Media,3.TCP_fliares,1.Agro,26.61408809580132
SEN,3.Alta,3.TCP_fliares,1.Agro,0.08979242752751346
SEN,1.Baja,1.Asalariado_patr,2.No_agro,6.714696214028068
SEN,2.Media,1.Asalariado_patr,2.No_agro,16.112211834127795
SEN,3.Alta,1.Asalariado_patr,2.No_agro,9.87946076511837
SEN,1.Baja,3.TCP_fliares,2.No_agro,12.284260401552222
SEN,2.Media,3.TCP_fliares,2.No_agro,20.46330322795679
SEN,3.Alta,3.TCP_fliares,2.No_agro,0.9863831236496923
SLB,1.Baja,1.Asalariado_patr,1.Agro,0.25567629238707484
SLB,2.Media,1.Asalariado_patr,1.Agro,1.456116353198318
SLB,3.Alta,1.Asalariado_patr,1.Agro,0.2937243658363631
SLB,1.Baja,3.TCP_fliares,1.Agro,0.8480460491026883
SLB,2.Media,3.TCP_fliares,1.Agro,38.53335625767686
SLB,3.Alta,3.TCP_fliares,1.Agro,0.25882577016537855
SLB,1.Baja,1.Asalariado_patr,2.No_agro,1.566755651004541
SLB,2.Media,1.Asalariado_patr,2.No_agro,13.111449145449077
SLB,3.Alta,1.Asalariado_patr,2.No_agro,14.007621266800767
SLB,1.Baja,3.TCP_fliares,2.No_agro,0.42297601080721703
SLB,2.Media,3.TCP_fliares,2.No_agro,28.24079674349524
SLB,3.Alta,3.TCP_fliares,2.No_agro,1.0046560940764766
SLE,1.Baja,1.Asalariado_patr,1.Agro,0.03758707926678756
SLE,2.Media,1.Asalariado_patr,1.Agro,2.3803701517597884
SLE,3.Alta,1.Asalariado_patr,1.Agro,0.013749719212621489
SLE,1.Baja,3.TCP_fliares,1.Agro,0.5629405935130657
SLE,2.Media,3.TCP_fliares,1.Agro,54.1004696206254
SLE,3.Alta,3.TCP_fliares,1.Agro,0.017236718811246263
SLE,1.Baja,1.Asalariado_patr,2.No_agro,1.4012878648055356
SLE,2.Media,1.Asalariado_patr,2.No_agro,7.157180985959776
SLE,3.Alta,1.Asalariado_patr,2.No_agro,4.611865012188355
SLE,1.Baja,3.TCP_fliares,2.No_agro,3.292306681749434
SLE,2.Media,3.TCP_fliares,2.No_agro,25.518049421840658
SLE,3.Alta,3.TCP_fliares,2.No_agro,0.9069561502673427
SLV,1.Baja,1.Asalariado_patr,1.Agro,6.277779395331915
SLV,2.Media,1.Asalariado_patr,1.Agro,3.2991450114526133
SLV,3.Alta,1.Asalariado_patr,1.Agro,0.09919894443485437
SLV,1.Baja,3.TCP_fliares,1.Agro,3.9923598967928147
SLV,2.Media,3.TCP_fliares,1.Agro,5.420749210969011
SLV,3.Alta,3.TCP_fliares,1.Agro,0.024917082371355218
SLV,1.Baja,1.Asalariado_patr,2.No_agro,13.865482860228514
SLV,2.Media,1.Asalariado_patr,2.No_agro,29.883740907890108
SLV,3.Alta,1.Asalariado_patr,2.No_agro,10.074789314696384
SLV,1.Baja,3.TCP_fliares,2.No_agro,3.947498596905619
SLV,2.Media,3.TCP_fliares,2.No_agro,21.9814442963303
SLV,3.Alta,3.TCP_fliares,2.No_agro,1.1328944825965044
SOM,1.Baja,1.Asalariado_patr,1.Agro,2.692228561465821
SOM,2.Media,1.Asalariado_patr,1.Agro,2.5294614430115443
SOM,3.Alta,1.Asalariado_patr,1.Agro,2.862346688456051
SOM,1.Baja,3.TCP_fliares,1.Agro,9.189771323947944
SOM,2.Media,3.TCP_fliares,1.Agro,5.54422540861311
SOM,3.Alta,3.TCP_fliares,1.Agro,4.654312767180307
SOM,1.Baja,1.Asalariado_patr,2.No_agro,14.756259977520529
SOM,2.Media,1.Asalariado_patr,2.No_agro,11.467641715539415
SOM,3.Alta,1.Asalariado_patr,2.No_agro,19.847038861653232
SOM,1.Baja,3.TCP_fliares,2.No_agro,12.364523792327086
SOM,2.Media,3.TCP_fliares,2.No_agro,6.170143293024915
SOM,3.Alta,3.TCP_fliares,2.No_agro,7.92204616726004
SRB,1.Baja,1.Asalariado_patr,1.Agro,0.4164349312126984
SRB,2.Media,1.Asalariado_patr,1.Agro,1.7992647099905887
SRB,3.Alta,1.Asalariado_patr,1.Agro,0.08457402518353974
SRB,1.Baja,3.TCP_fliares,1.Agro,1.278463385916146
SRB,2.Media,3.TCP_fliares,1.Agro,15.761733253207796
SRB,3.Alta,3.TCP_fliares,1.Agro,0.2686783459606798
SRB,1.Baja,1.Asalariado_patr,2.No_agro,6.486321830892872
SRB,2.Media,1.Asalariado_patr,2.No_agro,37.064294537014796
SRB,3.Alta,1.Asalariado_patr,2.No_agro,27.064639851684984
SRB,1.Baja,3.TCP_fliares,2.No_agro,0.45209421189898424
SRB,2.Media,3.TCP_fliares,2.No_agro,7.37146758942451
SRB,3.Alta,3.TCP_fliares,2.No_agro,1.9520333276124096
STP,1.Baja,1.Asalariado_patr,1.Agro,0.6353691624617989
STP,2.Media,1.Asalariado_patr,1.Agro,6.6526525595127985
STP,3.Alta,1.Asalariado_patr,1.Agro,0.38715163505840483
STP,1.Baja,3.TCP_fliares,1.Agro,1.575859700791714
STP,2.Media,3.TCP_fliares,1.Agro,20.24459033448895
STP,3.Alta,3.TCP_fliares,1.Agro,0.18857815575977116
STP,1.Baja,1.Asalariado_patr,2.No_agro,4.893424270309996
STP,2.Media,1.Asalariado_patr,2.No_agro,28.75860604954005
STP,3.Alta,1.Asalariado_patr,2.No_agro,11.85926040447495
STP,1.Baja,3.TCP_fliares,2.No_agro,2.8554722475909355
STP,2.Media,3.TCP_fliares,2.No_agro,20.589966353811977
STP,3.Alta,3.TCP_fliares,2.No_agro,1.3590691261986547
SUR,1.Baja,1.Asalariado_patr,1.Agro,0.4617201232592509
SUR,2.Media,1.Asalariado_patr,1.Agro,1.1506626126136295
SUR,3.Alta,1.Asalariado_patr,1.Agro,0.34593370282805774
SUR,1.Baja,3.TCP_fliares,1.Agro,0.8637630301457818
SUR,2.Media,3.TCP_fliares,1.Agro,2.2339621909618077
SUR,3.Alta,3.TCP_fliares,1.Agro,0.19155532800804778
SUR,1.Baja,1.Asalariado_patr,2.No_agro,8.825941671779514
SUR,2.Media,1.Asalariado_patr,2.No_agro,43.77146031049459
SUR,3.Alta,1.Asalariado_patr,2.No_agro,27.351923455581442
SUR,1.Baja,3.TCP_fliares,2.No_agro,2.0955191147350494
SUR,2.Media,3.TCP_fliares,2.No_agro,10.785334448796036
SUR,3.Alta,3.TCP_fliares,2.No_agro,1.9222240107967927
SVK,1.Baja,1.Asalariado_patr,1.Agro,0.4492505881667135
SVK,2.Media,1.Asalariado_patr,1.Agro,1.512080201762607
SVK,3.Alta,1.Asalariado_patr,1.Agro,0.4245930559743155
SVK,1.Baja,3.TCP_fliares,1.Agro,0.057163798585132534
SVK,2.Media,3.TCP_fliares,1.Agro,0.4852226707208031
SVK,3.Alta,3.TCP_fliares,1.Agro,0.11681732468355611
SVK,1.Baja,1.Asalariado_patr,2.No_agro,7.408734264614356
SVK,2.Media,1.Asalariado_patr,2.No_agro,48.37021683944086
SVK,3.Alta,1.Asalariado_patr,2.No_agro,29.12911705700923
SVK,1.Baja,3.TCP_fliares,2.No_agro,0.4639358540346937
SVK,2.Media,3.TCP_fliares,2.No_agro,7.63881134506553
SVK,3.Alta,3.TCP_fliares,2.No_agro,3.9440569999422137
SVN,1.Baja,1.Asalariado_patr,1.Agro,0.3674594284297593
SVN,2.Media,1.Asalariado_patr,1.Agro,0.5779702458505023
SVN,3.Alta,1.Asalariado_patr,1.Agro,0.017395904552956917
SVN,1.Baja,3.TCP_fliares,1.Agro,1.9703317941858314
SVN,2.Media,3.TCP_fliares,1.Agro,4.2149135506110635
SVN,3.Alta,3.TCP_fliares,1.Agro,0.2258838035780641
SVN,1.Baja,1.Asalariado_patr,2.No_agro,5.1031302830997465
SVN,2.Media,1.Asalariado_patr,2.No_agro,41.274399650272976
SVN,3.Alta,1.Asalariado_patr,2.No_agro,36.59496364760044
SVN,1.Baja,3.TCP_fliares,2.No_agro,0.32873409363485767
SVN,2.Media,3.TCP_fliares,2.No_agro,3.616113696089261
SVN,3.Alta,3.TCP_fliares,2.No_agro,5.708703902094535
SWE,1.Baja,1.Asalariado_patr,1.Agro,0.03251097252024993
SWE,2.Media,1.Asalariado_patr,1.Agro,0.6454230157543048
SWE,3.Alta,1.Asalariado_patr,1.Agro,0.07095875735491011
SWE,1.Baja,3.TCP_fliares,1.Agro,0.025151454196028603
SWE,2.Media,3.TCP_fliares,1.Agro,1.0547244773737037
SWE,3.Alta,3.TCP_fliares,1.Agro,0.1288609456117966
SWE,1.Baja,1.Asalariado_patr,2.No_agro,4.779746826828196
SWE,2.Media,1.Asalariado_patr,2.No_agro,39.248250491736954
SWE,3.Alta,1.Asalariado_patr,2.No_agro,44.943107635171806
SWE,1.Baja,3.TCP_fliares,2.No_agro,0.22444163491983465
SWE,2.Media,3.TCP_fliares,2.No_agro,3.8929629494937976
SWE,3.Alta,3.TCP_fliares,2.No_agro,4.953860839038415
SWZ,1.Baja,1.Asalariado_patr,1.Agro,3.327610917218573
SWZ,2.Media,1.Asalariado_patr,1.Agro,3.4994528199570003
SWZ,3.Alta,1.Asalariado_patr,1.Agro,0.2758245704895132
SWZ,1.Baja,3.TCP_fliares,1.Agro,0.8316662300647711
SWZ,2.Media,3.TCP_fliares,1.Agro,5.162232200757019
SWZ,3.Alta,3.TCP_fliares,1.Agro,0.10726213398345334
SWZ,1.Baja,1.Asalariado_patr,2.No_agro,12.65292242474859
SWZ,2.Media,1.Asalariado_patr,2.No_agro,31.223157880480183
SWZ,3.Alta,1.Asalariado_patr,2.No_agro,15.062170768377944
SWZ,1.Baja,3.TCP_fliares,2.No_agro,1.5994451422127234
SWZ,2.Media,3.TCP_fliares,2.No_agro,23.295723071733875
SWZ,3.Alta,3.TCP_fliares,2.No_agro,2.962531839976358
SYC,1.Baja,1.Asalariado_patr,1.Agro,0.22398843026704485
SYC,2.Media,1.Asalariado_patr,1.Agro,2.052325736739237
SYC,3.Alta,1.Asalariado_patr,1.Agro,0.15534747488050993
SYC,1.Baja,3.TCP_fliares,1.Agro,0.049961815705303676
SYC,2.Media,3.TCP_fliares,1.Agro,1.1911674591915338
SYC,3.Alta,3.TCP_fliares,1.Agro,0.03661198825472438
SYC,1.Baja,1.Asalariado_patr,2.No_agro,13.002174594347473
SYC,2.Media,1.Asalariado_patr,2.No_agro,44.83981435211244
SYC,3.Alta,1.Asalariado_patr,2.No_agro,28.827123767256357
SYC,1.Baja,3.TCP_fliares,2.No_agro,0.7812143061988724
SYC,2.Media,3.TCP_fliares,2.No_agro,7.010224117496574
SYC,3.Alta,3.TCP_fliares,2.No_agro,1.8300459575499386
TCD,1.Baja,1.Asalariado_patr,1.Agro,0.012161430871062534
TCD,2.Media,1.Asalariado_patr,1.Agro,0.937947030353905
TCD,3.Alta,1.Asalariado_patr,1.Agro,0
TCD,1.Baja,3.TCP_fliares,1.Agro,0.08427416834944813
TCD,2.Media,3.TCP_fliares,1.Agro,70.99838832158363
TCD,3.Alta,3.TCP_fliares,1.Agro,0
TCD,1.Baja,1.Asalariado_patr,2.No_agro,1.418640932484449
TCD,2.Media,1.Asalariado_patr,2.No_agro,4.5537036599748975
TCD,3.Alta,1.Asalariado_patr,2.No_agro,2.5350115798561266
TCD,1.Baja,3.TCP_fliares,2.No_agro,0.5289627095793873
TCD,2.Media,3.TCP_fliares,2.No_agro,18.54717255083028
TCD,3.Alta,3.TCP_fliares,2.No_agro,0.3837376161168295
TGO,1.Baja,1.Asalariado_patr,1.Agro,0.03890713949214238
TGO,2.Media,1.Asalariado_patr,1.Agro,0.6220930463249221
TGO,3.Alta,1.Asalariado_patr,1.Agro,0.031181951968671844
TGO,1.Baja,3.TCP_fliares,1.Agro,0.42388375492872465
TGO,2.Media,3.TCP_fliares,1.Agro,33.909915587688914
TGO,3.Alta,3.TCP_fliares,1.Agro,0.22166494934390046
TGO,1.Baja,1.Asalariado_patr,2.No_agro,2.182879438974925
TGO,2.Media,1.Asalariado_patr,2.No_agro,11.64942071533442
TGO,3.Alta,1.Asalariado_patr,2.No_agro,7.12398281702662
TGO,1.Baja,3.TCP_fliares,2.No_agro,1.4681632876594257
TGO,2.Media,3.TCP_fliares,2.No_agro,39.20151315630206
TGO,3.Alta,3.TCP_fliares,2.No_agro,3.126394154955264
THA,1.Baja,1.Asalariado_patr,1.Agro,1.481027035986848
THA,2.Media,1.Asalariado_patr,1.Agro,4.0778269078433045
THA,3.Alta,1.Asalariado_patr,1.Agro,0.055306436865714854
THA,1.Baja,3.TCP_fliares,1.Agro,1.281711299955813
THA,2.Media,3.TCP_fliares,1.Agro,28.46619898098571
THA,3.Alta,3.TCP_fliares,1.Agro,0.04145328288060559
THA,1.Baja,1.Asalariado_patr,2.No_agro,7.399193780938163
THA,2.Media,1.Asalariado_patr,2.No_agro,24.34030697096318
THA,3.Alta,1.Asalariado_patr,2.No_agro,11.856879094501881
THA,1.Baja,3.TCP_fliares,2.No_agro,0.7260789916951373
THA,2.Media,3.TCP_fliares,2.No_agro,19.266329686379283
THA,3.Alta,3.TCP_fliares,2.No_agro,1.0076875310043578
TJK,1.Baja,1.Asalariado_patr,1.Agro,6.809966064663324
TJK,2.Media,1.Asalariado_patr,1.Agro,8.63624853664728
TJK,3.Alta,1.Asalariado_patr,1.Agro,2.5368154371673963
TJK,1.Baja,3.TCP_fliares,1.Agro,6.991745651047621
TJK,2.Media,3.TCP_fliares,1.Agro,10.042067320240555
TJK,3.Alta,3.TCP_fliares,1.Agro,0.6401434867431043
TJK,1.Baja,1.Asalariado_patr,2.No_agro,6.831163875354702
TJK,2.Media,1.Asalariado_patr,2.No_agro,27.253338070646606
TJK,3.Alta,1.Asalariado_patr,2.No_agro,16.451608759454057
TJK,1.Baja,3.TCP_fliares,2.No_agro,2.259613718816347
TJK,2.Media,3.TCP_fliares,2.No_agro,10.209783329091733
TJK,3.Alta,3.TCP_fliares,2.No_agro,1.3375057501272722
TLS,1.Baja,1.Asalariado_patr,1.Agro,0.6477389896699945
TLS,2.Media,1.Asalariado_patr,1.Agro,3.532743920115861
TLS,3.Alta,1.Asalariado_patr,1.Agro,0.08034267525596431
TLS,1.Baja,3.TCP_fliares,1.Agro,6.448376423241798
TLS,2.Media,3.TCP_fliares,1.Agro,45.649381510808055
TLS,3.Alta,3.TCP_fliares,1.Agro,0.17186937736537802
TLS,1.Baja,1.Asalariado_patr,2.No_agro,2.651309241299236
TLS,2.Media,1.Asalariado_patr,2.No_agro,12.22419597630855
TLS,3.Alta,1.Asalariado_patr,2.No_agro,9.4174091588242
TLS,1.Baja,3.TCP_fliares,2.No_agro,2.4750998059184677
TLS,2.Media,3.TCP_fliares,2.No_agro,14.812386398867979
TLS,3.Alta,3.TCP_fliares,2.No_agro,1.8891465223245167
TON,1.Baja,1.Asalariado_patr,1.Agro,2.3154921812452285
TON,2.Media,1.Asalariado_patr,1.Agro,2.9828183136886834
TON,3.Alta,1.Asalariado_patr,1.Agro,0.13619528256176805
TON,1.Baja,3.TCP_fliares,1.Agro,0.4041577299109167
TON,2.Media,3.TCP_fliares,1.Agro,27.585341810839562
TON,3.Alta,3.TCP_fliares,1.Agro,0.1428184772220697
TON,1.Baja,1.Asalariado_patr,2.No_agro,4.083698554317318
TON,2.Media,1.Asalariado_patr,2.No_agro,25.59393935247582
TON,3.Alta,1.Asalariado_patr,2.No_agro,19.677866024532054
TON,1.Baja,3.TCP_fliares,2.No_agro,0.04717358395602864
TON,2.Media,3.TCP_fliares,2.No_agro,15.664853252191056
TON,3.Alta,3.TCP_fliares,2.No_agro,1.3656454370594988
TTO,1.Baja,1.Asalariado_patr,1.Agro,0.5580537173118995
TTO,2.Media,1.Asalariado_patr,1.Agro,0.9874855316018075
TTO,3.Alta,1.Asalariado_patr,1.Agro,0.09426070652561586
TTO,1.Baja,3.TCP_fliares,1.Agro,0.4199558863475267
TTO,2.Media,3.TCP_fliares,1.Agro,1.4775392943829182
TTO,3.Alta,3.TCP_fliares,1.Agro,0.09008754573672852
TTO,1.Baja,1.Asalariado_patr,2.No_agro,16.15510168949041
TTO,2.Media,1.Asalariado_patr,2.No_agro,40.774910977230256
TTO,3.Alta,1.Asalariado_patr,2.No_agro,24.106910870729884
TTO,1.Baja,3.TCP_fliares,2.No_agro,1.9379126109769333
TTO,2.Media,3.TCP_fliares,2.No_agro,9.725191127289774
TTO,3.Alta,3.TCP_fliares,2.No_agro,3.6725900423762536
TUN,1.Baja,1.Asalariado_patr,1.Agro,2.935351243424761
TUN,2.Media,1.Asalariado_patr,1.Agro,4.661432215193847
TUN,3.Alta,1.Asalariado_patr,1.Agro,0.1526660196136599
TUN,1.Baja,3.TCP_fliares,1.Agro,1.2991124658583297
TUN,2.Media,3.TCP_fliares,1.Agro,7.877120959158146
TUN,3.Alta,3.TCP_fliares,1.Agro,0.114892370810653
TUN,1.Baja,1.Asalariado_patr,2.No_agro,14.611901802487376
TUN,2.Media,1.Asalariado_patr,2.No_agro,37.16585132700171
TUN,3.Alta,1.Asalariado_patr,2.No_agro,19.02686567041035
TUN,1.Baja,3.TCP_fliares,2.No_agro,0.940337114338946
TUN,2.Media,3.TCP_fliares,2.No_agro,9.132346588302413
TUN,3.Alta,3.TCP_fliares,2.No_agro,2.0821222233998107
TUR,1.Baja,1.Asalariado_patr,1.Agro,0.8589480764100939
TUR,2.Media,1.Asalariado_patr,1.Agro,1.5723149578621374
TUR,3.Alta,1.Asalariado_patr,1.Agro,0.007788106038538413
TUR,1.Baja,3.TCP_fliares,1.Agro,3.618830299487123
TUR,2.Media,3.TCP_fliares,1.Agro,15.553018318820392
TUR,3.Alta,3.TCP_fliares,1.Agro,0.04100786640264708
TUR,1.Baja,1.Asalariado_patr,2.No_agro,9.599186710080403
TUR,2.Media,1.Asalariado_patr,2.No_agro,39.01895803993841
TUR,3.Alta,1.Asalariado_patr,2.No_agro,18.84833758645905
TUR,1.Baja,3.TCP_fliares,2.No_agro,0.8371981826678796
TUR,2.Media,3.TCP_fliares,2.No_agro,7.98993666570618
TUR,3.Alta,3.TCP_fliares,2.No_agro,2.0544751901271554
TUV,1.Baja,1.Asalariado_patr,1.Agro,0.6411699558666187
TUV,2.Media,1.Asalariado_patr,1.Agro,3.1276416507467637
TUV,3.Alta,1.Asalariado_patr,1.Agro,2.8735617425434246
TUV,1.Baja,3.TCP_fliares,1.Agro,0.14326681852936507
TUV,2.Media,3.TCP_fliares,1.Agro,13.97308003108568
TUV,3.Alta,3.TCP_fliares,1.Agro,0.8132910971176986
TUV,1.Baja,1.Asalariado_patr,2.No_agro,7.965270099809482
TUV,2.Media,1.Asalariado_patr,2.No_agro,30.174187173438288
TUV,3.Alta,1.Asalariado_patr,2.No_agro,32.20533645933511
TUV,1.Baja,3.TCP_fliares,2.No_agro,0.09873994098123147
TUV,2.Media,3.TCP_fliares,2.No_agro,7.4787779975689315
TUV,3.Alta,3.TCP_fliares,2.No_agro,0.5056770329774073
TZA,1.Baja,1.Asalariado_patr,1.Agro,0.34919007721751266
TZA,2.Media,1.Asalariado_patr,1.Agro,2.695527609161818
TZA,3.Alta,1.Asalariado_patr,1.Agro,0.00954420516985548
TZA,1.Baja,3.TCP_fliares,1.Agro,5.937260271339923
TZA,2.Media,3.TCP_fliares,1.Agro,58.028461366536284
TZA,3.Alta,3.TCP_fliares,1.Agro,0.017294599367350203
TZA,1.Baja,1.Asalariado_patr,2.No_agro,3.795657032178089
TZA,2.Media,1.Asalariado_patr,2.No_agro,7.761930874685109
TZA,3.Alta,1.Asalariado_patr,2.No_agro,3.9158175656128957
TZA,1.Baja,3.TCP_fliares,2.No_agro,4.72800670576833
TZA,2.Media,3.TCP_fliares,2.No_agro,12.241481157108273
TZA,3.Alta,3.TCP_fliares,2.No_agro,0.5198285358545761
UGA,1.Baja,1.Asalariado_patr,1.Agro,2.424313249847102
UGA,2.Media,1.Asalariado_patr,1.Agro,2.9434574204268755
UGA,3.Alta,1.Asalariado_patr,1.Agro,0.008909359357761633
UGA,1.Baja,3.TCP_fliares,1.Agro,2.490642982275295
UGA,2.Media,3.TCP_fliares,1.Agro,60.699865008464386
UGA,3.Alta,3.TCP_fliares,1.Agro,0.009606423069273534
UGA,1.Baja,1.Asalariado_patr,2.No_agro,5.045226857214023
UGA,2.Media,1.Asalariado_patr,2.No_agro,6.271279341977471
UGA,3.Alta,1.Asalariado_patr,2.No_agro,5.148717225784871
UGA,1.Baja,3.TCP_fliares,2.No_agro,0.553553440008673
UGA,2.Media,3.TCP_fliares,2.No_agro,13.811543798354535
UGA,3.Alta,3.TCP_fliares,2.No_agro,0.5928848932197276
URY,1.Baja,1.Asalariado_patr,1.Agro,2.359957929300033
URY,2.Media,1.Asalariado_patr,1.Agro,3.6750275262474634
URY,3.Alta,1.Asalariado_patr,1.Agro,0.19109905344386102
URY,1.Baja,3.TCP_fliares,1.Agro,0.8322040481566146
URY,2.Media,3.TCP_fliares,1.Agro,2.1338809689759994
URY,3.Alta,3.TCP_fliares,1.Agro,0.09076563449345723
URY,1.Baja,1.Asalariado_patr,2.No_agro,13.749037889064844
URY,2.Media,1.Asalariado_patr,2.No_agro,39.65331044078749
URY,3.Alta,1.Asalariado_patr,2.No_agro,16.747394544826204
URY,1.Baja,3.TCP_fliares,2.No_agro,2.7833111262470096
URY,2.Media,3.TCP_fliares,2.No_agro,13.217609827180627
URY,3.Alta,3.TCP_fliares,2.No_agro,4.566401011276389
USA,1.Baja,1.Asalariado_patr,1.Agro,0.14992962525872436
USA,2.Media,1.Asalariado_patr,1.Agro,0.47127621446048046
USA,3.Alta,1.Asalariado_patr,1.Agro,0.5268513392218463
USA,1.Baja,3.TCP_fliares,1.Agro,0.06533452890860501
USA,2.Media,3.TCP_fliares,1.Agro,0.2249189738395643
USA,3.Alta,3.TCP_fliares,1.Agro,0.2732722222453316
USA,1.Baja,1.Asalariado_patr,2.No_agro,8.118379802041106
USA,2.Media,1.Asalariado_patr,2.No_agro,41.45654362584286
USA,3.Alta,1.Asalariado_patr,2.No_agro,42.72521088945355
USA,1.Baja,3.TCP_fliares,2.No_agro,0.46576461427432564
USA,2.Media,3.TCP_fliares,2.No_agro,2.604866556313841
USA,3.Alta,3.TCP_fliares,2.No_agro,2.917651608139768
VEN,1.Baja,1.Asalariado_patr,1.Agro,0.011186207935532332
VEN,2.Media,1.Asalariado_patr,1.Agro,3.4537996908310005
VEN,3.Alta,1.Asalariado_patr,1.Agro,0.08895936931146264
VEN,1.Baja,3.TCP_fliares,1.Agro,0.004996349595186888
VEN,2.Media,3.TCP_fliares,1.Agro,4.301970015378787
VEN,3.Alta,3.TCP_fliares,1.Agro,0.02320515218758318
VEN,1.Baja,1.Asalariado_patr,2.No_agro,0.32672296500009584
VEN,2.Media,1.Asalariado_patr,2.No_agro,40.7034895752702
VEN,3.Alta,1.Asalariado_patr,2.No_agro,16.488828374085937
VEN,1.Baja,3.TCP_fliares,2.No_agro,0.09155230280130193
VEN,2.Media,3.TCP_fliares,2.No_agro,31.806915623215648
VEN,3.Alta,3.TCP_fliares,2.No_agro,2.69837437438727
VNM,1.Baja,1.Asalariado_patr,1.Agro,3.5000780324977976
VNM,2.Media,1.Asalariado_patr,1.Agro,0.7420493272306782
VNM,3.Alta,1.Asalariado_patr,1.Agro,0.05954712092371559
VNM,1.Baja,3.TCP_fliares,1.Agro,28.46179424518562
VNM,2.Media,3.TCP_fliares,1.Agro,11.086023193105037
VNM,3.Alta,3.TCP_fliares,1.Agro,0.046165511507931176
VNM,1.Baja,1.Asalariado_patr,2.No_agro,4.760821818784539
VNM,2.Media,1.Asalariado_patr,2.No_agro,22.030018821135428
VNM,3.Alta,1.Asalariado_patr,2.No_agro,10.166309217877497
VNM,1.Baja,3.TCP_fliares,2.No_agro,1.9729189386604913
VNM,2.Media,3.TCP_fliares,2.No_agro,16.772609721452987
VNM,3.Alta,3.TCP_fliares,2.No_agro,0.40166405163828534
VUT,1.Baja,1.Asalariado_patr,1.Agro,0.39258893019793495
VUT,2.Media,1.Asalariado_patr,1.Agro,3.844667848232836
VUT,3.Alta,1.Asalariado_patr,1.Agro,0.04003638381010722
VUT,1.Baja,3.TCP_fliares,1.Agro,3.124191003943451
VUT,2.Media,3.TCP_fliares,1.Agro,50.485185721444175
VUT,3.Alta,3.TCP_fliares,1.Agro,0.18171097133597278
VUT,1.Baja,1.Asalariado_patr,2.No_agro,4.539667263377221
VUT,2.Media,1.Asalariado_patr,2.No_agro,16.23667577440654
VUT,3.Alta,1.Asalariado_patr,2.No_agro,9.191461493667159
VUT,1.Baja,3.TCP_fliares,2.No_agro,1.4849946857575094
VUT,2.Media,3.TCP_fliares,2.No_agro,8.764024849148427
VUT,3.Alta,3.TCP_fliares,2.No_agro,1.714795074678668
WLF,1.Baja,1.Asalariado_patr,1.Agro,0
WLF,2.Media,1.Asalariado_patr,1.Agro,0.15952732644017725
WLF,3.Alta,1.Asalariado_patr,1.Agro,0
WLF,1.Baja,3.TCP_fliares,1.Agro,0
WLF,2.Media,3.TCP_fliares,1.Agro,0.28360413589364847
WLF,3.Alta,3.TCP_fliares,1.Agro,0
WLF,1.Baja,1.Asalariado_patr,2.No_agro,18.847858197932055
WLF,2.Media,1.Asalariado_patr,2.No_agro,41.200688661306
WLF,3.Alta,1.Asalariado_patr,2.No_agro,29.677138950801332
WLF,1.Baja,3.TCP_fliares,2.No_agro,0
WLF,2.Media,3.TCP_fliares,2.No_agro,8.13461414519326
WLF,3.Alta,3.TCP_fliares,2.No_agro,1.6965685824335335
WSM,1.Baja,1.Asalariado_patr,1.Agro,0.38236933315855565
WSM,2.Media,1.Asalariado_patr,1.Agro,4.5244864533219
WSM,3.Alta,1.Asalariado_patr,1.Agro,0.061586382264847084
WSM,1.Baja,3.TCP_fliares,1.Agro,0.6720143075901107
WSM,2.Media,3.TCP_fliares,1.Agro,32.72677887498409
WSM,3.Alta,3.TCP_fliares,1.Agro,0.11912627781192178
WSM,1.Baja,1.Asalariado_patr,2.No_agro,4.9402456836064355
WSM,2.Media,1.Asalariado_patr,2.No_agro,29.79202906656232
WSM,3.Alta,1.Asalariado_patr,2.No_agro,19.037156886990534
WSM,1.Baja,3.TCP_fliares,2.No_agro,0.2576210917595753
WSM,2.Media,3.TCP_fliares,2.No_agro,6.393982686554283
WSM,3.Alta,3.TCP_fliares,2.No_agro,1.092602955395417
YEM,1.Baja,1.Asalariado_patr,1.Agro,2.090284281101977
YEM,2.Media,1.Asalariado_patr,1.Agro,9.067775321809773
YEM,3.Alta,1.Asalariado_patr,1.Agro,0.02473891641483006
YEM,1.Baja,3.TCP_fliares,1.Agro,0.8083305286926885
YEM,2.Media,3.TCP_fliares,1.Agro,21.20313827082597
YEM,3.Alta,3.TCP_fliares,1.Agro,0.004695134616023507
YEM,1.Baja,1.Asalariado_patr,2.No_agro,8.21096591129252
YEM,2.Media,1.Asalariado_patr,2.No_agro,23.676018976109678
YEM,3.Alta,1.Asalariado_patr,2.No_agro,16.00981876048127
YEM,1.Baja,3.TCP_fliares,2.No_agro,0.9748343925835995
YEM,2.Media,3.TCP_fliares,2.No_agro,16.996560370240818
YEM,3.Alta,3.TCP_fliares,2.No_agro,0.9328391358308549
ZAF,1.Baja,1.Asalariado_patr,1.Agro,3.689729263934879
ZAF,2.Media,1.Asalariado_patr,1.Agro,1.0306439146344142
ZAF,3.Alta,1.Asalariado_patr,1.Agro,0.2482741248625405
ZAF,1.Baja,3.TCP_fliares,1.Agro,0.11076485282435178
ZAF,2.Media,3.TCP_fliares,1.Agro,0.0170128845665614
ZAF,3.Alta,3.TCP_fliares,1.Agro,0.0038262992978791073
ZAF,1.Baja,1.Asalariado_patr,2.No_agro,21.6468501110986
ZAF,2.Media,1.Asalariado_patr,2.No_agro,41.183480298431995
ZAF,3.Alta,1.Asalariado_patr,2.No_agro,22.308563403747883
ZAF,1.Baja,3.TCP_fliares,2.No_agro,3.7903060897104357
ZAF,2.Media,3.TCP_fliares,2.No_agro,3.9651941427079485
ZAF,3.Alta,3.TCP_fliares,2.No_agro,2.0053546141825183
ZMB,1.Baja,1.Asalariado_patr,1.Agro,0.8057943330388901
ZMB,2.Media,1.Asalariado_patr,1.Agro,2.7610468835119444
ZMB,3.Alta,1.Asalariado_patr,1.Agro,0.19140538674043758
ZMB,1.Baja,3.TCP_fliares,1.Agro,2.730639379642628
ZMB,2.Media,3.TCP_fliares,1.Agro,50.563080424206994
ZMB,3.Alta,3.TCP_fliares,1.Agro,0.5622570253726871
ZMB,1.Baja,1.Asalariado_patr,2.No_agro,4.879726536268728
ZMB,2.Media,1.Asalariado_patr,2.No_agro,11.458509080679292
ZMB,3.Alta,1.Asalariado_patr,2.No_agro,6.841203526867861
ZMB,1.Baja,3.TCP_fliares,2.No_agro,1.288582731115093
ZMB,2.Media,3.TCP_fliares,2.No_agro,16.351761291451204
ZMB,3.Alta,3.TCP_fliares,2.No_agro,1.5659934011042445
ZWE,1.Baja,1.Asalariado_patr,1.Agro,1.8983876653571645
ZWE,2.Media,1.Asalariado_patr,1.Agro,4.978597565708302
ZWE,3.Alta,1.Asalariado_patr,1.Agro,0.17630856487407265
ZWE,1.Baja,3.TCP_fliares,1.Agro,3.041947559089669
ZWE,2.Media,3.TCP_fliares,1.Agro,55.276289497610264
ZWE,3.Alta,3.TCP_fliares,1.Agro,0.09985834468790607
ZWE,1.Baja,1.Asalariado_patr,2.No_agro,6.638684755861032
ZWE,2.Media,1.Asalariado_patr,2.No_agro,7.415035860995089
ZWE,3.Alta,1.Asalariado_patr,2.No_agro,5.917761929289858
ZWE,1.Baja,3.TCP_fliares,2.No_agro,1.6077616953613478
ZWE,2.Media,3.TCP_fliares,2.No_agro,12.442794476629391
ZWE,3.Alta,3.TCP_fliares,2.No_agro,0.5065720845358966
